order_date,quarter,region,category,channel,user_type,gmv,cost,quantity,gross_margin
2024-07-01,Q3,华北,手机,线下,新客,16816.67,12903.81,10,0.2327
2024-07-01,Q3,华北,穿戴,线上,新客,27752.16,17929.84,8,0.3539
2024-07-01,Q3,华东,家电,线上,VIP,30973.86,20728.98,3,0.3308
2024-07-01,Q3,华北,家电,分销,老客,6986.62,5333.21,3,0.2367
2024-07-01,Q3,华西,家电,线下,新客,6867.95,4412.38,12,0.3575
2024-07-01,Q3,华西,手机,线下,VIP,38676.15,25734.03,3,0.3346
2024-07-01,Q3,华北,手机,分销,老客,10182.94,6364.22,15,0.375
2024-07-01,Q3,华东,家电,线上,新客,32205.17,22697.37,1,0.2952
2024-07-01,Q3,华东,家电,线下,新客,5596.42,3691.11,6,0.3405
2024-07-01,Q3,华北,家电,线上,老客,5541.51,4374.15,9,0.2107
2024-07-01,Q3,华南,电脑,线上,VIP,5580.36,3074.34,2,0.4491
2024-07-01,Q3,华南,手机,分销,VIP,25753.72,17064.41,12,0.3374
2024-07-02,Q3,华东,手机,线下,VIP,28956.45,19406.89,6,0.3298
2024-07-02,Q3,华西,家电,分销,新客,44675.63,37407.07,7,0.1627
2024-07-02,Q3,华南,手机,线上,老客,19996.2,15653.69,3,0.2172
2024-07-02,Q3,华北,手机,线下,老客,49415.97,38537.88,13,0.2201
2024-07-02,Q3,华南,电脑,线下,VIP,34287.45,19107.2,7,0.4427
2024-07-02,Q3,华西,手机,线上,新客,6731.62,4138.85,12,0.3852
2024-07-02,Q3,华东,手机,分销,新客,9774.25,6318,7,0.3536
2024-07-02,Q3,华西,穿戴,线上,新客,42822.3,35061.55,5,0.1812
2024-07-03,Q3,华西,电脑,线下,老客,33139.82,20138.83,6,0.3923
2024-07-03,Q3,华北,手机,线上,VIP,49434.2,38780.69,3,0.2155
2024-07-03,Q3,华西,手机,线上,老客,30029.48,22934.83,3,0.2363
2024-07-03,Q3,华南,电脑,分销,老客,20669.19,17344.33,9,0.1609
2024-07-03,Q3,华南,穿戴,分销,新客,9830.02,5414.9,4,0.4491
2024-07-03,Q3,华西,家电,线下,老客,23001.33,13512.94,18,0.4125
2024-07-03,Q3,华西,穿戴,线上,老客,29399.09,21601.85,18,0.2652
2024-07-03,Q3,华西,家电,线上,老客,28651.73,22671.76,5,0.2087
2024-07-03,Q3,华西,家电,线上,新客,15282.99,12227.69,13,0.1999
2024-07-03,Q3,华北,电脑,分销,VIP,40045.73,33478.61,18,0.164
2024-07-03,Q3,华东,穿戴,分销,新客,31438.84,19283.7,13,0.3866
2024-07-03,Q3,华南,家电,线上,VIP,20654,14589.25,14,0.2936
2024-07-03,Q3,华北,家电,分销,老客,13934.8,11571.78,1,0.1696
2024-07-03,Q3,华北,手机,线上,新客,18109.96,11430.97,17,0.3688
2024-07-04,Q3,华东,电脑,分销,老客,49970.17,32816.31,17,0.3433
2024-07-04,Q3,华东,手机,分销,老客,32577.52,21700.86,19,0.3339
2024-07-04,Q3,华北,电脑,分销,新客,46370.49,37765.2,17,0.1856
2024-07-04,Q3,华北,电脑,线下,新客,45085.81,30355.26,13,0.3267
2024-07-04,Q3,华南,穿戴,线上,VIP,38849.66,21727.07,7,0.4407
2024-07-04,Q3,华南,手机,分销,老客,21423.06,13992.75,5,0.3468
2024-07-04,Q3,华南,家电,线下,新客,34933.98,20257.1,3,0.4201
2024-07-04,Q3,华西,电脑,分销,老客,5029.32,3640.25,7,0.2762
2024-07-04,Q3,华北,手机,线下,新客,47516.06,28702.99,13,0.3959
2024-07-04,Q3,华北,家电,线下,VIP,21030.45,15448.89,9,0.2654
2024-07-04,Q3,华东,手机,分销,老客,29189.01,21939.97,8,0.2483
2024-07-05,Q3,华西,家电,线上,新客,29318.36,23275.64,14,0.2061
2024-07-05,Q3,华东,家电,分销,老客,49541.39,34705.83,17,0.2995
2024-07-05,Q3,华北,电脑,线下,新客,30322.28,20373.19,1,0.3281
2024-07-05,Q3,华西,电脑,线上,老客,37158.18,25052.25,2,0.3258
2024-07-05,Q3,华北,穿戴,线下,VIP,47283.21,33109.01,4,0.2998
2024-07-05,Q3,华西,穿戴,线下,老客,42926.8,30113.82,7,0.2985
2024-07-05,Q3,华北,手机,分销,老客,46376.6,33425,3,0.2793
2024-07-05,Q3,华东,手机,线下,新客,5228.16,3899.48,1,0.2541
2024-07-05,Q3,华北,穿戴,分销,VIP,22953.09,16743.76,3,0.2705
2024-07-05,Q3,华西,电脑,线下,新客,5047.17,3761.67,2,0.2547
2024-07-05,Q3,华南,穿戴,线下,VIP,45555.95,34311.04,17,0.2468
2024-07-05,Q3,华东,电脑,分销,VIP,43021.37,35813.67,16,0.1675
2024-07-06,Q3,华北,穿戴,分销,VIP,13401.72,10232.81,19,0.2365
2024-07-06,Q3,华西,穿戴,线下,VIP,13808.14,8716.56,16,0.3687
2024-07-06,Q3,华东,家电,分销,VIP,7694.09,6186.35,7,0.196
2024-07-06,Q3,华西,电脑,线上,VIP,10935.43,8911.88,10,0.185
2024-07-06,Q3,华西,手机,线下,老客,19294.15,11362.16,4,0.4111
2024-07-06,Q3,华南,手机,线上,老客,22203.68,15969.38,19,0.2808
2024-07-06,Q3,华南,电脑,分销,老客,32852.51,23308.45,1,0.2905
2024-07-06,Q3,华东,穿戴,分销,VIP,48398.77,31195.68,5,0.3554
2024-07-06,Q3,华东,穿戴,分销,新客,42288.5,29017.62,16,0.3138
2024-07-06,Q3,华西,穿戴,线上,VIP,11355.62,8362.49,12,0.2636
2024-07-06,Q3,华东,穿戴,线下,VIP,17722.56,11699.22,3,0.3399
2024-07-06,Q3,华北,手机,线下,老客,20820.09,14377.28,14,0.3095
2024-07-07,Q3,华南,穿戴,线下,VIP,48202.21,31405.49,6,0.3485
2024-07-07,Q3,华东,电脑,线下,新客,11412.34,9448.42,8,0.1721
2024-07-07,Q3,华南,家电,线下,VIP,24355.74,19414.13,3,0.2029
2024-07-07,Q3,华东,手机,分销,VIP,9449.73,6032.66,14,0.3616
2024-07-07,Q3,华东,家电,线下,VIP,11880.83,8778.09,5,0.2612
2024-07-07,Q3,华东,家电,线上,老客,17388.44,10475.55,10,0.3976
2024-07-07,Q3,华北,手机,线上,新客,14625.79,11235.38,7,0.2318
2024-07-07,Q3,华西,手机,线下,新客,43759.16,24625.21,3,0.4373
2024-07-07,Q3,华南,家电,分销,VIP,6971.22,5012.75,18,0.2809
2024-07-08,Q3,华北,手机,分销,新客,10562.31,6662.72,2,0.3692
2024-07-08,Q3,华北,手机,线上,老客,33219.35,22543.45,2,0.3214
2024-07-08,Q3,华南,家电,分销,老客,21035.64,14644.41,10,0.3038
2024-07-08,Q3,华北,穿戴,线上,老客,9879.76,8113.55,17,0.1788
2024-07-08,Q3,华东,穿戴,线上,老客,31165.56,18792.67,1,0.397
2024-07-08,Q3,华北,手机,分销,老客,9304.96,7385.19,17,0.2063
2024-07-08,Q3,华北,穿戴,线上,老客,37644.14,26246.12,4,0.3028
2024-07-08,Q3,华北,穿戴,线下,新客,23704.19,15604.73,1,0.3417
2024-07-08,Q3,华北,家电,分销,新客,21435.89,13237.98,14,0.3824
2024-07-08,Q3,华东,穿戴,线上,新客,16344.4,9150.81,9,0.4401
2024-07-08,Q3,华东,穿戴,分销,新客,35373.26,26059,17,0.2633
2024-07-08,Q3,华北,手机,线上,老客,23601.87,17872.9,7,0.2427
2024-07-08,Q3,华西,穿戴,线下,新客,41702.57,23017.12,17,0.4481
2024-07-08,Q3,华南,手机,线下,VIP,31418.24,19106.72,15,0.3919
2024-07-09,Q3,华北,电脑,线下,老客,36555.39,27282.57,1,0.2537
2024-07-09,Q3,华南,穿戴,分销,VIP,13889.57,8114.58,12,0.4158
2024-07-09,Q3,华南,家电,分销,老客,21785.46,16064.89,4,0.2626
2024-07-09,Q3,华南,穿戴,线下,新客,31590.93,26391.97,15,0.1646
2024-07-09,Q3,华东,家电,线上,老客,9480.09,5507.94,18,0.419
2024-07-09,Q3,华西,穿戴,分销,VIP,34837.52,27686.39,5,0.2053
2024-07-09,Q3,华东,电脑,线上,VIP,39030.05,32217.55,13,0.1745
2024-07-09,Q3,华西,穿戴,线上,VIP,10356.51,8156.5,11,0.2124
2024-07-09,Q3,华东,手机,线下,新客,36635.96,22868.8,3,0.3758
2024-07-09,Q3,华东,家电,线上,新客,5482.98,4190.93,14,0.2356
2024-07-09,Q3,华南,穿戴,线下,VIP,41402.61,34273.71,4,0.1722
2024-07-09,Q3,华东,电脑,线上,VIP,6496.06,3752.09,8,0.4224
2024-07-09,Q3,华西,手机,线下,VIP,19014.27,12528.77,6,0.3411
2024-07-09,Q3,华西,家电,分销,VIP,30576.79,17776.6,1,0.4186
2024-07-10,Q3,华西,家电,分销,新客,46960.83,29123.74,15,0.3798
2024-07-10,Q3,华南,手机,线上,VIP,21438.78,12017.74,13,0.4394
2024-07-10,Q3,华北,电脑,分销,新客,37350.27,27989.03,12,0.2506
2024-07-10,Q3,华南,手机,分销,老客,24099.36,19397.26,9,0.1951
2024-07-10,Q3,华南,家电,线上,VIP,11060.4,8347.46,12,0.2453
2024-07-10,Q3,华南,手机,分销,新客,13318.79,11198.88,11,0.1592
2024-07-10,Q3,华东,家电,线下,VIP,17454.25,10624.17,6,0.3913
2024-07-10,Q3,华南,电脑,线下,老客,21953.76,13093.18,2,0.4036
2024-07-10,Q3,华南,手机,分销,老客,22292.59,14335.36,17,0.3569
2024-07-10,Q3,华东,手机,线上,新客,20876.69,12009.53,14,0.4247
2024-07-10,Q3,华北,穿戴,分销,老客,36279.93,20940.3,4,0.4228
2024-07-10,Q3,华东,电脑,线下,新客,34430.01,20606.04,2,0.4015
2024-07-10,Q3,华东,穿戴,线下,VIP,28747.68,20373.4,18,0.2913
2024-07-11,Q3,华西,家电,分销,老客,35792.1,21145.28,12,0.4092
2024-07-11,Q3,华东,穿戴,分销,新客,32148.3,21705.84,9,0.3248
2024-07-11,Q3,华东,穿戴,分销,新客,43624.05,25909.54,16,0.4061
2024-07-11,Q3,华东,电脑,分销,新客,40151.65,32939.51,5,0.1796
2024-07-11,Q3,华南,电脑,分销,老客,40728,24152.88,17,0.407
2024-07-11,Q3,华东,家电,线上,老客,8140.2,6543.34,17,0.1962
2024-07-11,Q3,华南,手机,线下,老客,33996.27,18795.93,8,0.4471
2024-07-11,Q3,华南,手机,线下,VIP,39504.29,24696.8,10,0.3748
2024-07-12,Q3,华北,家电,分销,新客,21155.99,16666.03,6,0.2122
2024-07-12,Q3,华北,家电,分销,新客,31424.06,17968.24,3,0.4282
2024-07-12,Q3,华南,家电,分销,新客,47295.35,38950.81,3,0.1764
2024-07-12,Q3,华北,家电,线上,VIP,42411.31,23637.92,8,0.4427
2024-07-12,Q3,华东,穿戴,线上,VIP,22279.67,12609.98,13,0.434
2024-07-12,Q3,华南,家电,分销,老客,7699.67,4909.79,3,0.3623
2024-07-12,Q3,华西,家电,线下,老客,20204.45,13936.49,9,0.3102
2024-07-12,Q3,华西,穿戴,线下,新客,30513.85,18196.76,17,0.4037
2024-07-12,Q3,华西,穿戴,线下,老客,39562.91,32417.66,15,0.1806
2024-07-12,Q3,华南,穿戴,线下,新客,5871.97,4031.21,3,0.3135
2024-07-13,Q3,华西,穿戴,分销,老客,5529.81,3375.4,16,0.3896
2024-07-13,Q3,华西,电脑,线下,老客,48466.79,34732.19,1,0.2834
2024-07-13,Q3,华南,家电,分销,VIP,40124.56,29346.61,15,0.2686
2024-07-13,Q3,华东,穿戴,线上,老客,22433.48,14456.26,19,0.3556
2024-07-13,Q3,华西,手机,线上,新客,18942.47,14120.98,18,0.2545
2024-07-13,Q3,华南,电脑,分销,新客,35656.99,20459.62,1,0.4262
2024-07-13,Q3,华西,手机,线上,VIP,13192.76,9904.99,5,0.2492
2024-07-13,Q3,华西,电脑,线上,VIP,28221.5,19057.01,9,0.3247
2024-07-13,Q3,华西,家电,线上,老客,44899.26,36471.96,15,0.1877
2024-07-14,Q3,华北,家电,线下,VIP,8314.61,6836.84,3,0.1777
2024-07-14,Q3,华西,穿戴,线上,老客,38156.9,28064.02,18,0.2645
2024-07-14,Q3,华北,电脑,线上,老客,38545.76,23406.72,16,0.3928
2024-07-14,Q3,华北,电脑,分销,新客,26032.1,20560.45,17,0.2102
2024-07-14,Q3,华南,家电,分销,新客,15052.51,11095.5,17,0.2629
2024-07-14,Q3,华南,电脑,线上,老客,19122.38,14230.68,10,0.2558
2024-07-14,Q3,华东,家电,分销,VIP,42937.01,35576.44,10,0.1714
2024-07-14,Q3,华西,电脑,线上,新客,31364.23,21174.37,19,0.3249
2024-07-14,Q3,华北,穿戴,分销,老客,9868.51,6341.52,3,0.3574
2024-07-15,Q3,华东,电脑,线下,VIP,7972.65,5391.2,4,0.3238
2024-07-15,Q3,华西,手机,线下,老客,19244.27,15396.11,15,0.2
2024-07-15,Q3,华西,家电,线下,VIP,20176.51,16899.13,2,0.1624
2024-07-15,Q3,华南,手机,线下,新客,44695.83,30621.3,8,0.3149
2024-07-15,Q3,华南,穿戴,线上,老客,21586.31,12693.11,6,0.412
2024-07-15,Q3,华南,手机,分销,VIP,8816.89,6375.71,10,0.2769
2024-07-15,Q3,华北,家电,线上,新客,11462.23,7852.63,2,0.3149
2024-07-15,Q3,华北,穿戴,线上,VIP,13520.06,7997.47,15,0.4085
2024-07-15,Q3,华北,穿戴,分销,新客,48666.14,38045.4,7,0.2182
2024-07-16,Q3,华北,手机,分销,VIP,27073.93,15969.02,8,0.4102
2024-07-16,Q3,华西,手机,线上,老客,32335.01,21294.22,8,0.3415
2024-07-16,Q3,华南,手机,分销,新客,20950.64,14614.04,1,0.3025
2024-07-16,Q3,华西,电脑,线上,VIP,28366.74,19226.93,6,0.3222
2024-07-16,Q3,华北,家电,线上,VIP,12791.54,7538.58,9,0.4107
2024-07-16,Q3,华西,手机,线下,VIP,46689.65,35912.69,4,0.2308
2024-07-16,Q3,华北,家电,分销,老客,22526.49,18238.86,6,0.1903
2024-07-16,Q3,华南,电脑,分销,老客,42211.43,23886.97,5,0.4341
2024-07-17,Q3,华西,家电,分销,VIP,9256.19,7077.06,7,0.2354
2024-07-17,Q3,华北,家电,线下,新客,45838.16,35630.46,19,0.2227
2024-07-17,Q3,华东,手机,线下,VIP,41060.1,31687.72,13,0.2283
2024-07-17,Q3,华东,电脑,线上,老客,5478.7,3636.08,5,0.3363
2024-07-17,Q3,华北,电脑,线下,新客,14608.96,12416.69,8,0.1501
2024-07-17,Q3,华南,穿戴,线上,老客,27087.38,22206.97,12,0.1802
2024-07-17,Q3,华北,手机,线上,VIP,28537.24,21928.34,3,0.2316
2024-07-17,Q3,华西,穿戴,线上,新客,28337.38,17196.03,8,0.3932
2024-07-17,Q3,华东,穿戴,线上,新客,20135,11657.21,19,0.421
2024-07-17,Q3,华北,手机,线上,VIP,39106.05,28193.16,12,0.2791
2024-07-17,Q3,华北,手机,线上,新客,42786.9,24395.79,3,0.4298
2024-07-17,Q3,华东,穿戴,线下,老客,34289.76,19779.31,5,0.4232
2024-07-17,Q3,华东,电脑,分销,VIP,41465.63,35078.06,9,0.154
2024-07-18,Q3,华北,家电,线上,VIP,31423.32,17664.35,1,0.4379
2024-07-18,Q3,华北,电脑,分销,新客,30224.59,24586.57,15,0.1865
2024-07-18,Q3,华西,穿戴,分销,新客,16559.98,13581.48,17,0.1799
2024-07-18,Q3,华南,家电,分销,新客,40085.29,31596.21,16,0.2118
2024-07-18,Q3,华东,穿戴,分销,老客,10664.31,8760.09,3,0.1786
2024-07-18,Q3,华南,手机,线上,老客,9498.4,6227.27,19,0.3444
2024-07-18,Q3,华东,家电,线下,老客,20117.15,14774.15,7,0.2656
2024-07-18,Q3,华西,手机,分销,VIP,30059.22,19026.15,11,0.367
2024-07-18,Q3,华西,电脑,分销,VIP,16087.55,9818.51,13,0.3897
2024-07-19,Q3,华西,家电,线下,VIP,34101.07,22513.63,15,0.3398
2024-07-19,Q3,华南,家电,线上,老客,45758.25,27988.25,17,0.3883
2024-07-19,Q3,华北,电脑,线下,新客,26037.61,17761.93,19,0.3178
2024-07-19,Q3,华东,穿戴,线下,老客,32250.49,23711.47,14,0.2648
2024-07-19,Q3,华北,家电,分销,新客,17800.82,10182.38,18,0.428
2024-07-19,Q3,华西,手机,线下,VIP,48771.49,28292.04,8,0.4199
2024-07-19,Q3,华北,家电,线上,老客,19576.98,11247.8,6,0.4255
2024-07-19,Q3,华东,电脑,线上,VIP,15788.04,10018.87,11,0.3654
2024-07-19,Q3,华南,穿戴,线下,新客,38746.22,22451.34,8,0.4206
2024-07-20,Q3,华东,电脑,线下,新客,48606.28,30744.89,8,0.3675
2024-07-20,Q3,华北,手机,线下,老客,32410.19,19900.98,6,0.386
2024-07-20,Q3,华南,电脑,线上,老客,23482.07,19419.58,6,0.173
2024-07-20,Q3,华西,电脑,线上,VIP,20602.91,12545.61,5,0.3911
2024-07-20,Q3,华北,穿戴,线上,新客,48774.61,27943.22,6,0.4271
2024-07-20,Q3,华南,家电,线上,新客,5051.78,4193.45,6,0.1699
2024-07-20,Q3,华西,手机,分销,VIP,20511.37,13990.82,6,0.3179
2024-07-20,Q3,华北,穿戴,线上,VIP,26502.27,19830.59,10,0.2517
2024-07-20,Q3,华西,家电,线下,老客,8540.71,5095.69,2,0.4034
2024-07-20,Q3,华东,电脑,线下,老客,11169.45,6182.06,19,0.4465
2024-07-20,Q3,华南,手机,线下,老客,49535.31,27633.66,18,0.4421
2024-07-20,Q3,华北,手机,线上,新客,39023.58,32273.48,18,0.173
2024-07-20,Q3,华北,手机,线上,老客,23696.75,18383.37,12,0.2242
2024-07-20,Q3,华北,穿戴,线下,VIP,40018.75,24636.63,11,0.3844
2024-07-21,Q3,华南,手机,线上,老客,21001.29,15202.61,13,0.2761
2024-07-21,Q3,华西,电脑,线下,老客,31360.03,24786.92,9,0.2096
2024-07-21,Q3,华北,家电,线上,新客,11031.71,6455.16,6,0.4149
2024-07-21,Q3,华北,手机,分销,新客,19333.72,12576.82,5,0.3495
2024-07-21,Q3,华西,电脑,线上,VIP,21196.93,13006.08,12,0.3864
2024-07-21,Q3,华北,穿戴,线上,老客,20756.33,14515.19,5,0.3007
2024-07-21,Q3,华北,手机,分销,新客,42335.62,32703.92,12,0.2275
2024-07-21,Q3,华西,家电,线下,新客,25425.77,19348.01,11,0.239
2024-07-21,Q3,华西,电脑,线上,新客,16006.56,10873.1,17,0.3207
2024-07-21,Q3,华西,电脑,分销,新客,31522.27,25351.86,3,0.1957
2024-07-21,Q3,华西,穿戴,线下,VIP,32874.79,18539.71,19,0.4361
2024-07-21,Q3,华北,穿戴,线上,老客,31703.06,23235.11,2,0.2671
2024-07-21,Q3,华西,家电,分销,VIP,27893.4,15724.17,4,0.4363
2024-07-21,Q3,华东,手机,线下,新客,8003.54,5261.38,5,0.3426
2024-07-22,Q3,华西,穿戴,线上,VIP,27007.7,15213.91,12,0.4367
2024-07-22,Q3,华西,电脑,分销,老客,29819.52,23203.77,11,0.2219
2024-07-22,Q3,华北,家电,线下,VIP,40862.96,33551.22,12,0.1789
2024-07-22,Q3,华北,电脑,线上,VIP,47883.17,33767.79,16,0.2948
2024-07-22,Q3,华北,家电,线下,VIP,38320.84,25726.8,19,0.3286
2024-07-22,Q3,华北,手机,分销,新客,5798.66,3680.91,15,0.3652
2024-07-22,Q3,华东,手机,分销,老客,24194.82,18847.36,2,0.221
2024-07-22,Q3,华西,电脑,线上,老客,20412.47,11954.08,17,0.4144
2024-07-22,Q3,华南,手机,线上,老客,28715.85,22400.95,15,0.2199
2024-07-22,Q3,华南,电脑,分销,VIP,21018.17,15078.06,18,0.2826
2024-07-22,Q3,华东,穿戴,分销,VIP,32941.99,26300.8,13,0.2016
2024-07-22,Q3,华北,手机,线上,老客,38934.33,30262.13,3,0.2227
2024-07-22,Q3,华北,电脑,线上,老客,17858.92,10562.77,11,0.4085
2024-07-23,Q3,华南,家电,线下,老客,6567.54,5187.21,16,0.2102
2024-07-23,Q3,华西,家电,线上,新客,11922.28,8999.79,10,0.2451
2024-07-23,Q3,华南,穿戴,分销,新客,12488.97,8265.99,18,0.3381
2024-07-23,Q3,华西,手机,分销,新客,31895.07,21355.23,19,0.3305
2024-07-23,Q3,华西,电脑,线上,老客,22827.65,13998.59,7,0.3868
2024-07-23,Q3,华北,电脑,线上,VIP,44744.3,30763.6,7,0.3125
2024-07-23,Q3,华南,电脑,线下,老客,26058.02,19972.5,15,0.2335
2024-07-23,Q3,华东,家电,分销,VIP,12075.15,7213.13,16,0.4026
2024-07-24,Q3,华南,家电,线下,老客,41687.25,23469.74,6,0.437
2024-07-24,Q3,华北,穿戴,分销,老客,12084.21,8199.83,10,0.3214
2024-07-24,Q3,华南,电脑,线上,VIP,31385.18,18771.76,11,0.4019
2024-07-24,Q3,华北,电脑,线上,VIP,14539.55,10154.9,14,0.3016
2024-07-24,Q3,华北,电脑,线上,新客,28531.4,20326.34,11,0.2876
2024-07-24,Q3,华南,电脑,线下,老客,18562.76,12183.34,9,0.3437
2024-07-24,Q3,华西,穿戴,分销,老客,20030.05,16139.19,2,0.1943
2024-07-24,Q3,华东,家电,线上,老客,34777.95,19346.25,10,0.4437
2024-07-24,Q3,华北,电脑,分销,老客,29684.46,21075.5,18,0.29
2024-07-24,Q3,华东,家电,线下,老客,44920.59,37139.83,1,0.1732
2024-07-24,Q3,华北,穿戴,线上,新客,41266.52,23915.37,9,0.4205
2024-07-24,Q3,华南,手机,线上,VIP,33902.52,25528.04,11,0.247
2024-07-25,Q3,华西,电脑,分销,老客,8466.25,5922.7,1,0.3004
2024-07-25,Q3,华西,手机,分销,VIP,28861.57,19558.76,7,0.3223
2024-07-25,Q3,华南,穿戴,线下,VIP,6929.27,4550.67,17,0.3433
2024-07-25,Q3,华西,电脑,分销,VIP,6469.58,4607.95,4,0.2878
2024-07-25,Q3,华南,家电,分销,VIP,20630.39,14924.99,10,0.2766
2024-07-25,Q3,华西,穿戴,线下,VIP,28340.81,16378.8,1,0.4221
2024-07-25,Q3,华北,家电,分销,老客,6593.15,4085.79,11,0.3803
2024-07-25,Q3,华北,电脑,分销,老客,14992.65,12167.26,1,0.1885
2024-07-25,Q3,华北,手机,线下,新客,48097.58,39079.01,3,0.1875
2024-07-25,Q3,华东,穿戴,分销,新客,43134.17,34137.39,13,0.2086
2024-07-25,Q3,华北,手机,线上,老客,16821.27,13515.68,15,0.1965
2024-07-25,Q3,华西,穿戴,线下,VIP,18881.99,13875.95,9,0.2651
2024-07-25,Q3,华东,手机,线上,新客,36784.84,25728.26,15,0.3006
2024-07-26,Q3,华西,穿戴,线下,新客,45298.37,37371.01,14,0.175
2024-07-26,Q3,华北,电脑,线上,老客,46332.82,25857.38,7,0.4419
2024-07-26,Q3,华南,手机,分销,新客,17787.59,12133.15,3,0.3179
2024-07-26,Q3,华北,手机,线下,新客,37363.85,20779.29,13,0.4439
2024-07-26,Q3,华南,手机,线上,新客,45312.68,30201.13,6,0.3335
2024-07-26,Q3,华东,穿戴,线上,VIP,42065.59,24006.43,17,0.4293
2024-07-26,Q3,华西,穿戴,分销,VIP,23045.22,19196.38,11,0.167
2024-07-26,Q3,华北,手机,分销,新客,18616.01,13777.38,10,0.2599
2024-07-26,Q3,华西,穿戴,分销,新客,45329.48,25376.91,6,0.4402
2024-07-26,Q3,华东,手机,线上,新客,33736.14,18952.97,7,0.4382
2024-07-26,Q3,华北,穿戴,线上,老客,21713.4,13789.48,6,0.3649
2024-07-26,Q3,华北,穿戴,线下,新客,8471.93,4880.72,12,0.4239
2024-07-26,Q3,华西,电脑,线上,老客,38963.39,30624.26,11,0.214
2024-07-27,Q3,华北,穿戴,分销,新客,30742.61,22823.68,15,0.2576
2024-07-27,Q3,华西,家电,分销,VIP,14927.37,12540.74,5,0.1599
2024-07-27,Q3,华南,穿戴,分销,老客,16263.12,11463.58,3,0.2951
2024-07-27,Q3,华东,穿戴,分销,VIP,34274.17,23333.14,12,0.3192
2024-07-27,Q3,华北,电脑,分销,新客,41728.16,24137.51,16,0.4216
2024-07-27,Q3,华东,家电,线下,VIP,33498.82,23202.39,1,0.3074
2024-07-27,Q3,华西,家电,线上,VIP,34750.43,25790.64,17,0.2578
2024-07-27,Q3,华东,家电,线下,老客,5569.22,4580.32,14,0.1776
2024-07-28,Q3,华北,手机,分销,新客,12971.7,9982.11,5,0.2305
2024-07-28,Q3,华西,家电,线下,VIP,23972.88,15326.27,5,0.3607
2024-07-28,Q3,华南,家电,线下,新客,11075.21,7794.2,6,0.2962
2024-07-28,Q3,华南,手机,分销,VIP,37654.1,28491.49,15,0.2433
2024-07-28,Q3,华东,家电,分销,新客,11421.75,7615.99,9,0.3332
2024-07-28,Q3,华北,穿戴,线下,新客,17447.62,12947.3,13,0.2579
2024-07-28,Q3,华南,电脑,分销,新客,30284.46,17736.75,2,0.4143
2024-07-28,Q3,华西,穿戴,分销,VIP,12844.56,9425.17,9,0.2662
2024-07-28,Q3,华北,穿戴,线下,老客,6929.94,4805.95,8,0.3065
2024-07-28,Q3,华西,家电,分销,新客,45877.95,36185.79,7,0.2113
2024-07-28,Q3,华西,手机,分销,VIP,44252.79,32638.83,3,0.2624
2024-07-28,Q3,华南,手机,线下,新客,30648.81,23303.98,14,0.2396
2024-07-28,Q3,华西,穿戴,线下,VIP,39951.57,33504.04,5,0.1614
2024-07-28,Q3,华西,手机,分销,新客,12284.24,7779.89,12,0.3667
2024-07-29,Q3,华北,穿戴,线下,新客,37173.3,30678.16,14,0.1747
2024-07-29,Q3,华北,穿戴,线上,VIP,20240.77,13523.2,14,0.3319
2024-07-29,Q3,华西,电脑,线下,VIP,35889.85,21220.95,15,0.4087
2024-07-29,Q3,华东,电脑,线上,VIP,10286.78,8715.03,4,0.1528
2024-07-29,Q3,华西,家电,分销,老客,29148.24,22644.78,2,0.2231
2024-07-29,Q3,华南,家电,线上,VIP,40793.84,23256.08,12,0.4299
2024-07-29,Q3,华东,家电,分销,老客,42798.53,25160.88,4,0.4121
2024-07-29,Q3,华南,穿戴,线下,老客,25233.89,14574.38,16,0.4224
2024-07-29,Q3,华南,家电,线下,老客,46710.07,33521.92,7,0.2823
2024-07-29,Q3,华东,家电,线下,VIP,33685.04,24937.67,4,0.2597
2024-07-29,Q3,华西,手机,分销,VIP,8178.76,4907.47,15,0.4
2024-07-29,Q3,华南,电脑,线上,新客,43897.36,37143.74,7,0.1539
2024-07-29,Q3,华西,电脑,分销,新客,34896.75,21975.44,1,0.3703
2024-07-29,Q3,华西,穿戴,线下,VIP,27864.31,17573.08,4,0.3693
2024-07-30,Q3,华北,穿戴,线上,老客,49411.93,38762.96,11,0.2155
2024-07-30,Q3,华南,家电,线下,VIP,7625.95,6448.44,4,0.1544
2024-07-30,Q3,华东,电脑,线上,老客,49858.67,33797.27,6,0.3221
2024-07-30,Q3,华西,家电,分销,老客,13563.99,10670.5,9,0.2133
2024-07-30,Q3,华东,手机,线下,VIP,30391.19,21907.24,4,0.2792
2024-07-30,Q3,华东,手机,线下,新客,29977.82,19447.37,14,0.3513
2024-07-30,Q3,华北,家电,分销,新客,5972.54,4734.73,10,0.2073
2024-07-30,Q3,华北,穿戴,分销,新客,40217.48,31877.94,6,0.2074
2024-07-31,Q3,华北,手机,分销,VIP,7980.48,4847.88,13,0.3925
2024-07-31,Q3,华西,手机,线下,老客,49377.19,40340.01,5,0.183
2024-07-31,Q3,华南,家电,线下,新客,29028.72,23176.61,1,0.2016
2024-07-31,Q3,华北,手机,线上,VIP,49550.33,32209.03,5,0.35
2024-07-31,Q3,华南,家电,分销,VIP,46750.74,29679.48,17,0.3652
2024-07-31,Q3,华北,手机,线下,新客,29317.64,19449.96,17,0.3366
2024-07-31,Q3,华南,家电,线下,VIP,31487.24,25099.87,3,0.2029
2024-07-31,Q3,华东,穿戴,分销,新客,24682.07,14309.35,19,0.4203
2024-08-01,Q3,华南,手机,线上,VIP,25759.18,15638.24,8,0.3929
2024-08-01,Q3,华南,家电,线上,老客,22973.95,15673.86,7,0.3178
2024-08-01,Q3,华西,穿戴,分销,老客,10200.39,7207.36,9,0.2934
2024-08-01,Q3,华南,手机,线下,老客,9521.25,5982.81,16,0.3716
2024-08-01,Q3,华北,电脑,线下,新客,43247.76,27512.2,11,0.3638
2024-08-01,Q3,华南,手机,分销,VIP,36554.46,23509.79,1,0.3569
2024-08-01,Q3,华西,穿戴,分销,老客,35383.18,30044.71,19,0.1509
2024-08-01,Q3,华西,电脑,分销,VIP,26315.31,18531.99,2,0.2958
2024-08-01,Q3,华西,家电,线下,老客,46809.43,34252.96,12,0.2682
2024-08-01,Q3,华北,家电,线下,老客,11913.76,9383.85,7,0.2124
2024-08-01,Q3,华南,电脑,线下,老客,14514.83,9930.07,12,0.3159
2024-08-01,Q3,华东,电脑,线上,老客,16886.06,13566.93,5,0.1966
2024-08-01,Q3,华北,家电,线上,老客,39788.69,27979.65,14,0.2968
2024-08-01,Q3,华南,电脑,线下,VIP,36708.64,24424.2,15,0.3346
2024-08-02,Q3,华南,穿戴,线下,新客,32937.24,20127.09,19,0.3889
2024-08-02,Q3,华东,家电,线上,新客,25371.97,17486.87,5,0.3108
2024-08-02,Q3,华东,穿戴,线下,VIP,21712.75,18225.89,2,0.1606
2024-08-02,Q3,华北,手机,线下,新客,33652.02,19879.99,19,0.4092
2024-08-02,Q3,华西,家电,线下,新客,42393.77,25801.91,17,0.3914
2024-08-02,Q3,华北,穿戴,线上,新客,6860.58,4256.34,1,0.3796
2024-08-02,Q3,华南,手机,分销,新客,15314.07,9602.91,2,0.3729
2024-08-02,Q3,华南,手机,分销,新客,41747.99,24611.04,7,0.4105
2024-08-02,Q3,华南,手机,分销,VIP,8048.3,6822.55,10,0.1523
2024-08-03,Q3,华西,手机,线下,新客,22688.46,12839.54,1,0.4341
2024-08-03,Q3,华南,家电,线上,VIP,5732.14,4171.64,2,0.2722
2024-08-03,Q3,华南,手机,线下,VIP,45822.63,30108.69,11,0.3429
2024-08-03,Q3,华南,手机,线上,新客,28722.34,20179.43,15,0.2974
2024-08-03,Q3,华北,手机,分销,新客,30726.88,23387.78,7,0.2388
2024-08-03,Q3,华南,电脑,分销,VIP,5783,4201.74,10,0.2734
2024-08-03,Q3,华东,家电,线上,新客,38396.22,28519.69,9,0.2572
2024-08-03,Q3,华南,家电,线上,新客,10404.45,6945.7,4,0.3324
2024-08-03,Q3,华西,家电,线上,VIP,29500.55,18606.37,9,0.3693
2024-08-03,Q3,华东,电脑,线下,老客,44991.87,34201.04,19,0.2398
2024-08-03,Q3,华西,电脑,线上,VIP,39575.44,22166.53,3,0.4399
2024-08-03,Q3,华东,穿戴,分销,VIP,43969.33,28090.75,9,0.3611
2024-08-03,Q3,华南,穿戴,线上,老客,19037.02,11420.69,15,0.4001
2024-08-03,Q3,华西,穿戴,分销,老客,19378.21,10840.69,3,0.4406
2024-08-04,Q3,华南,家电,分销,VIP,27219.64,22423.74,3,0.1762
2024-08-04,Q3,华北,手机,线下,老客,6598.2,4793.9,13,0.2735
2024-08-04,Q3,华东,手机,分销,VIP,6536.98,4838.62,11,0.2598
2024-08-04,Q3,华东,穿戴,线下,老客,15167.79,12703.35,14,0.1625
2024-08-04,Q3,华北,电脑,线下,新客,7133.19,4008.41,7,0.4381
2024-08-04,Q3,华东,穿戴,分销,VIP,28540.9,20266.33,12,0.2899
2024-08-04,Q3,华西,手机,分销,新客,12124.22,7211.04,10,0.4052
2024-08-04,Q3,华西,穿戴,线下,VIP,26389.56,20491.55,6,0.2235
2024-08-04,Q3,华南,电脑,线下,新客,47942.87,32672.49,3,0.3185
2024-08-04,Q3,华西,穿戴,线下,VIP,29691.28,19455.2,19,0.3448
2024-08-05,Q3,华西,手机,线下,新客,48218.94,31853.89,17,0.3394
2024-08-05,Q3,华南,电脑,线上,VIP,13659.79,7923.76,12,0.4199
2024-08-05,Q3,华北,手机,线下,新客,7716.17,5631.51,13,0.2702
2024-08-05,Q3,华南,家电,线下,新客,25467.5,15406.97,4,0.395
2024-08-05,Q3,华南,手机,线下,VIP,28381.94,22146.77,1,0.2197
2024-08-05,Q3,华北,电脑,线下,VIP,45488.82,35729.2,13,0.2145
2024-08-05,Q3,华北,手机,线上,新客,7524.52,4491.12,16,0.4031
2024-08-05,Q3,华东,电脑,线上,新客,22094.28,15428.58,5,0.3017
2024-08-05,Q3,华南,穿戴,线上,老客,13346.55,10128.05,1,0.2411
2024-08-06,Q3,华东,手机,分销,新客,31208.59,25832.03,10,0.1723
2024-08-06,Q3,华北,电脑,线上,VIP,5059.92,3559.21,7,0.2966
2024-08-06,Q3,华东,穿戴,线下,新客,22825.1,14244.16,14,0.3759
2024-08-06,Q3,华东,家电,线上,新客,41064.96,29246.76,11,0.2878
2024-08-06,Q3,华东,电脑,分销,新客,33275.68,25730.6,15,0.2267
2024-08-06,Q3,华北,家电,分销,老客,44378.28,35487.18,5,0.2003
2024-08-06,Q3,华西,手机,线下,老客,37720.69,24155.05,10,0.3596
2024-08-06,Q3,华北,手机,线上,新客,40028.11,28424.75,3,0.2899
2024-08-06,Q3,华南,家电,线上,VIP,22327.21,18808.63,16,0.1576
2024-08-07,Q3,华东,家电,线下,VIP,31653.32,20158.22,6,0.3632
2024-08-07,Q3,华南,电脑,线下,老客,27852.76,20098.56,8,0.2784
2024-08-07,Q3,华南,穿戴,线上,新客,6153.77,3780.17,4,0.3857
2024-08-07,Q3,华南,穿戴,分销,新客,33344.01,24654.85,1,0.2606
2024-08-07,Q3,华南,穿戴,线下,VIP,22625.07,16329.71,13,0.2782
2024-08-07,Q3,华西,手机,分销,VIP,15302.58,12452.47,9,0.1863
2024-08-07,Q3,华南,穿戴,线下,新客,29313.61,17220.63,19,0.4125
2024-08-07,Q3,华东,家电,线上,VIP,32582.83,18106.84,17,0.4443
2024-08-07,Q3,华西,家电,线下,VIP,34615.24,21494.8,1,0.379
2024-08-08,Q3,华北,家电,线上,VIP,36252.91,27934.45,13,0.2295
2024-08-08,Q3,华北,家电,分销,老客,38771.5,31217.25,1,0.1948
2024-08-08,Q3,华东,手机,线上,老客,8655.94,5761.72,2,0.3344
2024-08-08,Q3,华东,穿戴,分销,老客,40684.76,33385.57,12,0.1794
2024-08-08,Q3,华东,家电,线下,老客,23936.63,13487.52,15,0.4365
2024-08-08,Q3,华西,穿戴,线下,老客,15057.89,11076.26,12,0.2644
2024-08-08,Q3,华南,手机,线上,新客,6800.16,5632.76,1,0.1717
2024-08-08,Q3,华东,穿戴,线上,新客,33142.72,23937.63,14,0.2777
2024-08-08,Q3,华南,电脑,线下,VIP,42492.79,24177.74,14,0.431
2024-08-08,Q3,华西,手机,分销,新客,41253.75,25926.94,13,0.3715
2024-08-08,Q3,华东,家电,线上,VIP,39508.87,27583.93,14,0.3018
2024-08-08,Q3,华西,家电,线上,VIP,48839.54,35069.62,1,0.2819
2024-08-09,Q3,华东,电脑,分销,老客,7764.38,4637.81,11,0.4027
2024-08-09,Q3,华北,家电,线下,老客,44649.71,35688.25,18,0.2007
2024-08-09,Q3,华南,穿戴,线上,老客,21069.39,12203.43,7,0.4208
2024-08-09,Q3,华北,电脑,分销,新客,48072.09,39314.19,16,0.1822
2024-08-09,Q3,华北,手机,分销,老客,35606.31,29308.49,16,0.1769
2024-08-09,Q3,华北,家电,线下,新客,28489.21,21673.75,9,0.2392
2024-08-09,Q3,华南,电脑,线上,老客,45429.49,36292.16,18,0.2011
2024-08-09,Q3,华东,家电,线上,新客,47016.14,33609.75,7,0.2851
2024-08-09,Q3,华北,穿戴,线下,新客,16925.27,13044.45,18,0.2293
2024-08-09,Q3,华东,家电,线上,新客,46425.16,27202.9,8,0.414
2024-08-09,Q3,华东,穿戴,线下,VIP,22764.68,18463.05,11,0.189
2024-08-09,Q3,华西,家电,线下,新客,7842.42,6480.26,16,0.1737
2024-08-09,Q3,华南,家电,线上,VIP,21240.62,14632.39,1,0.3111
2024-08-09,Q3,华南,穿戴,线上,新客,48509.26,34252.98,4,0.2939
2024-08-10,Q3,华北,电脑,分销,VIP,29092.17,24215.9,12,0.1676
2024-08-10,Q3,华西,电脑,线下,VIP,41696.64,27431.18,6,0.3421
2024-08-10,Q3,华西,手机,线上,VIP,10327.83,8005.39,19,0.2249
2024-08-10,Q3,华西,电脑,线下,老客,21413.22,16963.46,19,0.2078
2024-08-10,Q3,华东,家电,线下,老客,21257.15,17393.52,10,0.1818
2024-08-10,Q3,华北,手机,线下,老客,44326.63,24521.85,14,0.4468
2024-08-10,Q3,华西,手机,分销,老客,34512.82,22165.25,1,0.3578
2024-08-10,Q3,华北,手机,线上,老客,23743.59,19865.62,8,0.1633
2024-08-10,Q3,华西,电脑,线上,新客,11028.47,8263.59,9,0.2507
2024-08-10,Q3,华西,手机,线上,老客,25944.78,20513.99,17,0.2093
2024-08-10,Q3,华西,穿戴,线下,新客,38288.07,24177.35,16,0.3685
2024-08-10,Q3,华北,穿戴,线上,VIP,27494.47,22819.7,7,0.17
2024-08-10,Q3,华南,电脑,分销,VIP,47235.52,27120.99,2,0.4258
2024-08-10,Q3,华南,电脑,线上,VIP,20586.72,12786.75,3,0.3789
2024-08-11,Q3,华东,手机,线上,老客,11947.67,6878.15,4,0.4243
2024-08-11,Q3,华南,手机,分销,VIP,31409.7,23968.69,11,0.2369
2024-08-11,Q3,华北,电脑,线下,VIP,11842.07,7461.12,16,0.3699
2024-08-11,Q3,华东,家电,线下,VIP,39600.29,25368.72,11,0.3594
2024-08-11,Q3,华北,家电,线下,新客,35512.07,21134.86,10,0.4049
2024-08-11,Q3,华西,家电,分销,VIP,15538.32,10020.34,11,0.3551
2024-08-11,Q3,华西,电脑,线上,老客,22460.86,13179.29,5,0.4132
2024-08-11,Q3,华西,手机,线下,新客,44389.92,27892.5,19,0.3716
2024-08-12,Q3,华南,穿戴,线下,VIP,34652.66,24352.19,13,0.2972
2024-08-12,Q3,华东,家电,分销,老客,5621.93,3475.41,18,0.3818
2024-08-12,Q3,华南,穿戴,分销,VIP,17727.03,12895.95,5,0.2725
2024-08-12,Q3,华东,手机,线下,新客,18077.79,12441.63,8,0.3118
2024-08-12,Q3,华西,穿戴,分销,VIP,30029.95,17708.72,17,0.4103
2024-08-12,Q3,华北,电脑,线下,老客,6950.19,4108.83,19,0.4088
2024-08-12,Q3,华南,家电,分销,新客,6344.65,5031.33,9,0.207
2024-08-12,Q3,华南,手机,分销,VIP,22030.51,15039.95,8,0.3173
2024-08-12,Q3,华南,手机,线下,老客,7178.56,4495.98,10,0.3737
2024-08-12,Q3,华南,手机,分销,老客,9272.84,5345.64,9,0.4235
2024-08-12,Q3,华南,电脑,线上,新客,25443.6,15955.52,13,0.3729
2024-08-12,Q3,华南,家电,线上,新客,34283.64,28443.37,3,0.1704
2024-08-13,Q3,华西,穿戴,线上,VIP,25870.66,19318.72,8,0.2533
2024-08-13,Q3,华西,电脑,分销,VIP,26562.65,21819.99,10,0.1785
2024-08-13,Q3,华北,家电,分销,VIP,6724.44,3908.68,14,0.4187
2024-08-13,Q3,华南,家电,分销,新客,37569.83,30944.9,9,0.1763
2024-08-13,Q3,华南,手机,线下,新客,22566.75,18625.14,5,0.1747
2024-08-13,Q3,华西,电脑,线下,老客,39755.81,23894.73,12,0.399
2024-08-13,Q3,华北,手机,线下,VIP,39315.05,23563.49,8,0.4006
2024-08-13,Q3,华东,电脑,分销,VIP,5484.7,3152.19,5,0.4253
2024-08-13,Q3,华北,电脑,线下,VIP,38461.81,31963.47,6,0.169
2024-08-13,Q3,华北,家电,线下,新客,49417.76,30894.21,8,0.3748
2024-08-13,Q3,华东,家电,线上,新客,47034.16,26986.62,12,0.4262
2024-08-13,Q3,华东,电脑,线下,VIP,38647.01,21915.25,3,0.4329
2024-08-13,Q3,华西,电脑,线下,老客,42591.63,35969.08,12,0.1555
2024-08-14,Q3,华西,穿戴,线上,新客,18833.42,15007.69,13,0.2031
2024-08-14,Q3,华北,家电,分销,VIP,49863.53,28147.96,16,0.4355
2024-08-14,Q3,华西,家电,线上,新客,32865.76,24759,18,0.2467
2024-08-14,Q3,华北,穿戴,分销,VIP,13983.05,9366.98,3,0.3301
2024-08-14,Q3,华北,家电,线上,新客,41477.53,27106.56,12,0.3465
2024-08-14,Q3,华北,手机,分销,VIP,41195.27,33125.19,7,0.1959
2024-08-14,Q3,华南,手机,分销,新客,7939.28,6715.06,13,0.1542
2024-08-14,Q3,华西,电脑,分销,老客,45935.57,26992.45,16,0.4124
2024-08-15,Q3,华北,电脑,线上,老客,28340.92,23054.82,19,0.1865
2024-08-15,Q3,华南,家电,线上,VIP,12466.51,9171.61,8,0.2643
2024-08-15,Q3,华东,手机,分销,VIP,30142.09,20002.94,12,0.3364
2024-08-15,Q3,华北,穿戴,线上,老客,27128.23,17621.65,8,0.3504
2024-08-15,Q3,华东,穿戴,分销,新客,42211.52,24572.69,4,0.4179
2024-08-15,Q3,华东,家电,线下,新客,25873.37,19964,11,0.2284
2024-08-15,Q3,华北,穿戴,线下,VIP,5804.38,3906.04,18,0.3271
2024-08-15,Q3,华南,家电,线上,老客,24088.91,16953.2,17,0.2962
2024-08-16,Q3,华西,手机,线上,老客,30809.25,19757.56,15,0.3587
2024-08-16,Q3,华东,电脑,线下,老客,13384.17,7475.66,11,0.4415
2024-08-16,Q3,华东,家电,线上,老客,6402.27,5390.99,18,0.158
2024-08-16,Q3,华西,家电,线下,VIP,26566.21,20339.51,7,0.2344
2024-08-16,Q3,华西,家电,线下,老客,20011.9,15893.92,14,0.2058
2024-08-16,Q3,华东,电脑,分销,新客,16593.33,11366.05,12,0.315
2024-08-16,Q3,华西,电脑,线下,新客,45434.38,25444.72,3,0.44
2024-08-16,Q3,华南,电脑,分销,老客,45377.02,32946.2,4,0.2739
2024-08-16,Q3,华东,家电,线下,新客,31350.59,20815.9,9,0.336
2024-08-16,Q3,华西,穿戴,分销,VIP,14648.23,11909.63,2,0.187
2024-08-16,Q3,华北,手机,线下,VIP,28559.89,18778.34,17,0.3425
2024-08-17,Q3,华西,家电,线下,VIP,16029.37,9997.25,4,0.3763
2024-08-17,Q3,华南,手机,线下,新客,27018.87,22603,15,0.1634
2024-08-17,Q3,华东,手机,分销,新客,10613.42,5990.13,11,0.4356
2024-08-17,Q3,华南,电脑,分销,新客,7306.8,4841.48,6,0.3374
2024-08-17,Q3,华东,家电,线下,新客,18837.64,12077.21,12,0.3589
2024-08-17,Q3,华西,家电,分销,新客,14799.83,11022.86,7,0.2552
2024-08-17,Q3,华西,电脑,分销,老客,9826.24,6739.26,17,0.3142
2024-08-17,Q3,华东,手机,线下,新客,43059.28,31015.02,8,0.2797
2024-08-18,Q3,华西,家电,线上,VIP,44905.34,28865.54,8,0.3572
2024-08-18,Q3,华北,穿戴,线上,老客,12338.58,8146.3,11,0.3398
2024-08-18,Q3,华西,穿戴,分销,老客,15220.31,11952.52,19,0.2147
2024-08-18,Q3,华南,穿戴,分销,VIP,23459.76,19273.3,12,0.1785
2024-08-18,Q3,华西,穿戴,线下,VIP,14267.26,10406.41,12,0.2706
2024-08-18,Q3,华东,穿戴,线下,VIP,5374.78,3599.61,7,0.3303
2024-08-18,Q3,华西,手机,线下,新客,28255.04,22718.16,7,0.196
2024-08-18,Q3,华南,电脑,线下,老客,31771.89,21033.29,4,0.338
2024-08-18,Q3,华西,手机,分销,老客,23189.23,18310.98,3,0.2104
2024-08-18,Q3,华北,家电,分销,VIP,39625.77,32971.69,8,0.1679
2024-08-19,Q3,华南,家电,线上,老客,32028.62,24423.65,11,0.2374
2024-08-19,Q3,华东,家电,分销,新客,17452.55,11702.94,13,0.3294
2024-08-19,Q3,华北,电脑,线下,新客,23783.13,17448.24,14,0.2664
2024-08-19,Q3,华东,电脑,线下,老客,14510.04,12266.39,10,0.1546
2024-08-19,Q3,华南,电脑,分销,VIP,46830.76,33119.87,15,0.2928
2024-08-19,Q3,华西,手机,线上,VIP,27098.85,16498.38,15,0.3912
2024-08-19,Q3,华东,家电,线下,老客,38325.94,24938.28,14,0.3493
2024-08-19,Q3,华南,电脑,线下,老客,40459.85,25931.79,4,0.3591
2024-08-19,Q3,华东,家电,分销,老客,37577.63,21544.85,19,0.4267
2024-08-19,Q3,华东,手机,线上,老客,44499.96,36504.07,4,0.1797
2024-08-19,Q3,华东,电脑,线下,VIP,23722.56,19662.91,2,0.1711
2024-08-19,Q3,华南,电脑,线上,老客,34202.52,26816.82,1,0.2159
2024-08-19,Q3,华西,手机,线下,新客,14944.71,10942.99,9,0.2678
2024-08-19,Q3,华南,电脑,线下,VIP,10321.98,8196.99,1,0.2059
2024-08-20,Q3,华北,手机,分销,老客,27580.56,17203.52,18,0.3762
2024-08-20,Q3,华北,家电,线下,老客,8373.37,6231.41,7,0.2558
2024-08-20,Q3,华南,穿戴,线上,新客,46721.83,30094.58,18,0.3559
2024-08-20,Q3,华西,手机,线下,新客,38425.99,29974.36,19,0.2199
2024-08-20,Q3,华北,手机,线上,新客,8150.17,5132.56,2,0.3703
2024-08-20,Q3,华西,家电,线上,新客,39866.78,22425,3,0.4375
2024-08-20,Q3,华西,穿戴,分销,老客,41608.76,24765.46,14,0.4048
2024-08-20,Q3,华东,家电,分销,VIP,36546.16,25509.39,9,0.302
2024-08-20,Q3,华西,手机,线上,VIP,26555.14,22318.34,1,0.1595
2024-08-20,Q3,华东,手机,线上,新客,22166.82,14134.47,16,0.3624
2024-08-20,Q3,华东,穿戴,线上,新客,17243.61,13799.26,19,0.1997
2024-08-21,Q3,华西,穿戴,分销,老客,16637.71,12163.33,9,0.2689
2024-08-21,Q3,华东,手机,线下,VIP,33726.04,27999.54,8,0.1698
2024-08-21,Q3,华北,家电,线上,新客,8822.9,5778.45,14,0.3451
2024-08-21,Q3,华南,家电,线下,VIP,46158.81,27523.99,16,0.4037
2024-08-21,Q3,华西,家电,线下,老客,25021.1,17765.39,8,0.29
2024-08-21,Q3,华东,穿戴,分销,VIP,23943.29,20138.56,12,0.1589
2024-08-21,Q3,华北,家电,线下,老客,44120.61,36293.31,15,0.1774
2024-08-21,Q3,华东,穿戴,线上,VIP,33403.49,25792.02,5,0.2279
2024-08-21,Q3,华北,电脑,分销,老客,25217.16,18677.4,13,0.2593
2024-08-21,Q3,华东,穿戴,线上,新客,23028.34,12701.78,14,0.4484
2024-08-21,Q3,华南,电脑,线下,老客,22076.55,12794.27,11,0.4205
2024-08-22,Q3,华西,手机,线上,新客,6992.74,4478.88,17,0.3595
2024-08-22,Q3,华北,穿戴,分销,VIP,12971.22,7703.04,7,0.4061
2024-08-22,Q3,华北,电脑,分销,老客,46460.43,32990.97,14,0.2899
2024-08-22,Q3,华东,电脑,线下,VIP,9213.01,7306.13,9,0.207
2024-08-22,Q3,华西,手机,线上,老客,34625.83,22597.79,13,0.3474
2024-08-22,Q3,华南,电脑,线上,老客,21829.71,16048.01,14,0.2649
2024-08-22,Q3,华北,电脑,线下,VIP,29633.45,19474.02,7,0.3428
2024-08-22,Q3,华西,家电,线上,新客,6241.48,3799.03,7,0.3913
2024-08-22,Q3,华南,家电,线下,VIP,27122.05,18613.07,8,0.3137
2024-08-22,Q3,华西,家电,线上,老客,41184.21,30784.76,11,0.2525
2024-08-22,Q3,华北,穿戴,分销,老客,46241.28,39114.59,6,0.1541
2024-08-22,Q3,华北,穿戴,线上,老客,25379.05,14686.91,16,0.4213
2024-08-22,Q3,华东,手机,线下,老客,11592.97,7582.44,16,0.3459
2024-08-22,Q3,华南,穿戴,线下,VIP,12331.19,7943.76,8,0.3558
2024-08-23,Q3,华东,电脑,分销,VIP,39902.79,33096.62,18,0.1706
2024-08-23,Q3,华东,家电,线上,新客,6575.18,4925.71,14,0.2509
2024-08-23,Q3,华东,电脑,线上,老客,30170.76,20502.06,7,0.3205
2024-08-23,Q3,华南,穿戴,线下,新客,38467.18,25135.95,18,0.3466
2024-08-23,Q3,华北,家电,分销,VIP,46116.02,29001.19,8,0.3711
2024-08-23,Q3,华西,穿戴,分销,新客,45720.17,31574.92,18,0.3094
2024-08-23,Q3,华西,家电,分销,新客,11512.75,6354.65,12,0.448
2024-08-23,Q3,华北,穿戴,分销,VIP,47608.97,32793.43,15,0.3112
2024-08-23,Q3,华东,手机,线下,新客,31398.86,17434.4,4,0.4447
2024-08-23,Q3,华西,电脑,线下,新客,23039.25,14823,10,0.3566
2024-08-23,Q3,华南,电脑,线上,老客,48338.26,33100.04,17,0.3152
2024-08-23,Q3,华东,家电,分销,老客,20220.9,13015.86,17,0.3563
2024-08-23,Q3,华西,穿戴,分销,VIP,41009.99,30351.28,7,0.2599
2024-08-24,Q3,华东,电脑,线上,老客,36839.54,29879.66,4,0.1889
2024-08-24,Q3,华东,手机,分销,VIP,9206.36,6816.19,11,0.2596
2024-08-24,Q3,华西,手机,分销,新客,46382.37,26246.6,7,0.4341
2024-08-24,Q3,华东,电脑,线上,VIP,19917.45,11812.18,8,0.4069
2024-08-24,Q3,华南,手机,线下,VIP,12031.32,9809.34,18,0.1847
2024-08-24,Q3,华西,电脑,线下,VIP,49134.91,30064.96,7,0.3881
2024-08-24,Q3,华西,穿戴,线下,新客,15447.86,9712.46,4,0.3713
2024-08-24,Q3,华西,穿戴,分销,VIP,18130.36,11885.28,19,0.3445
2024-08-24,Q3,华西,手机,分销,老客,37702.79,29261.92,15,0.2239
2024-08-24,Q3,华北,手机,线上,VIP,38759.31,28766.28,1,0.2578
2024-08-24,Q3,华西,电脑,线上,VIP,43098.28,24287.17,11,0.4365
2024-08-24,Q3,华南,家电,线下,新客,44649.76,27571.17,16,0.3825
2024-08-24,Q3,华北,穿戴,分销,VIP,28965.69,24096.55,18,0.1681
2024-08-25,Q3,华西,电脑,线上,老客,29279.12,22893.58,14,0.2181
2024-08-25,Q3,华南,电脑,线下,老客,12553.83,7105.84,10,0.434
2024-08-25,Q3,华南,穿戴,线下,新客,22992.17,14559.48,9,0.3668
2024-08-25,Q3,华东,电脑,分销,老客,49041.21,39692.66,7,0.1906
2024-08-25,Q3,华北,手机,线上,VIP,10417.16,7284.62,14,0.3007
2024-08-25,Q3,华西,家电,线下,老客,41259.68,33410.32,19,0.1902
2024-08-25,Q3,华北,家电,线上,新客,38686.21,28941.25,6,0.2519
2024-08-25,Q3,华北,电脑,线上,老客,32794.62,25926.89,10,0.2094
2024-08-25,Q3,华北,电脑,分销,老客,45880.17,30500.86,11,0.3352
2024-08-26,Q3,华东,穿戴,线上,老客,41231.65,30205.9,2,0.2674
2024-08-26,Q3,华北,穿戴,线下,老客,26791.32,15174.49,13,0.4336
2024-08-26,Q3,华南,电脑,线上,新客,6360.42,5150.14,13,0.1903
2024-08-26,Q3,华西,手机,线下,VIP,13979.5,11116.62,6,0.2048
2024-08-26,Q3,华东,穿戴,分销,老客,23403.25,19864.91,7,0.1512
2024-08-26,Q3,华东,手机,线上,VIP,36068.66,20897.6,7,0.4206
2024-08-26,Q3,华东,穿戴,线上,新客,25329.91,17195.33,16,0.3211
2024-08-26,Q3,华东,电脑,分销,老客,36746.33,26332.87,6,0.2834
2024-08-26,Q3,华西,家电,分销,老客,40607.21,32251,12,0.2058
2024-08-27,Q3,华南,穿戴,线上,新客,18785.33,11729.37,9,0.3756
2024-08-27,Q3,华北,电脑,线下,VIP,17834.86,12843.35,5,0.2799
2024-08-27,Q3,华东,电脑,分销,老客,25442.65,14131.37,12,0.4446
2024-08-27,Q3,华北,手机,分销,老客,8621.49,6238.24,9,0.2764
2024-08-27,Q3,华东,手机,分销,新客,40433.91,29131.78,5,0.2795
2024-08-27,Q3,华东,手机,线下,新客,30835.14,26119.62,6,0.1529
2024-08-27,Q3,华东,手机,分销,新客,36745.71,26212.7,5,0.2866
2024-08-27,Q3,华东,穿戴,线下,老客,30323.37,18883.36,10,0.3773
2024-08-27,Q3,华西,电脑,线下,新客,35123.12,29823.72,14,0.1509
2024-08-27,Q3,华北,电脑,线下,老客,49947.08,41949.31,1,0.1601
2024-08-27,Q3,华北,电脑,线上,VIP,6252.07,4039.94,16,0.3538
2024-08-27,Q3,华北,穿戴,线上,老客,6532.25,4017.59,17,0.385
2024-08-27,Q3,华东,电脑,分销,新客,19661.88,15211,10,0.2264
2024-08-28,Q3,华西,穿戴,分销,VIP,31493.82,19737.64,11,0.3733
2024-08-28,Q3,华东,穿戴,分销,老客,15309.75,10011.92,10,0.346
2024-08-28,Q3,华北,电脑,线下,VIP,34955.53,26350.1,12,0.2462
2024-08-28,Q3,华东,穿戴,线下,VIP,43434.17,33110.27,18,0.2377
2024-08-28,Q3,华南,电脑,分销,新客,29250.85,18413.33,12,0.3705
2024-08-28,Q3,华东,穿戴,线上,VIP,31200.25,22273.3,6,0.2861
2024-08-28,Q3,华东,家电,线下,VIP,27681.64,22603.71,7,0.1834
2024-08-28,Q3,华东,家电,线下,新客,41031.02,25823.93,7,0.3706
2024-08-28,Q3,华北,电脑,线上,VIP,29660.81,21892.37,17,0.2619
2024-08-28,Q3,华东,手机,线下,VIP,8668.94,7170.45,15,0.1729
2024-08-28,Q3,华南,家电,线上,新客,10990.35,7014.14,1,0.3618
2024-08-28,Q3,华北,手机,分销,老客,41862.44,30408.76,3,0.2736
2024-08-28,Q3,华南,电脑,线上,VIP,5018.24,3138.92,7,0.3745
2024-08-28,Q3,华南,穿戴,分销,新客,46368.72,31316.96,18,0.3246
2024-08-29,Q3,华北,电脑,线下,VIP,31350.63,26086.84,4,0.1679
2024-08-29,Q3,华北,穿戴,分销,VIP,17529.57,14184.93,2,0.1908
2024-08-29,Q3,华东,电脑,分销,新客,40042.3,33025.4,15,0.1752
2024-08-29,Q3,华北,穿戴,线上,VIP,25272.59,19950.66,13,0.2106
2024-08-29,Q3,华北,手机,线上,VIP,11767.8,8405.91,2,0.2857
2024-08-29,Q3,华东,穿戴,分销,新客,12873.58,8601.63,2,0.3318
2024-08-29,Q3,华北,手机,线上,VIP,25560.13,18783.9,8,0.2651
2024-08-29,Q3,华南,电脑,分销,老客,49236.62,39933.26,17,0.189
2024-08-29,Q3,华东,电脑,线上,新客,11402.08,8018.89,1,0.2967
2024-08-29,Q3,华西,电脑,线上,新客,19232.85,10627.53,18,0.4474
2024-08-29,Q3,华东,穿戴,线上,老客,28490.16,21733.61,2,0.2372
2024-08-29,Q3,华西,手机,分销,VIP,13179.2,8344.34,12,0.3669
2024-08-30,Q3,华东,手机,线上,VIP,13966.16,8308.05,12,0.4051
2024-08-30,Q3,华南,穿戴,线上,VIP,6530.45,3979.09,12,0.3907
2024-08-30,Q3,华西,穿戴,线上,老客,26426.23,15767.39,9,0.4033
2024-08-30,Q3,华西,手机,线下,新客,41466.56,28581.04,6,0.3107
2024-08-30,Q3,华南,手机,分销,新客,24836.85,15174.14,3,0.389
2024-08-30,Q3,华西,穿戴,线下,VIP,39906,32374.26,6,0.1887
2024-08-30,Q3,华北,家电,线下,VIP,44325.29,27895.32,3,0.3707
2024-08-30,Q3,华西,穿戴,线下,VIP,24113.82,15526.43,10,0.3561
2024-08-30,Q3,华北,家电,线下,老客,35842.25,22896.81,19,0.3612
2024-08-30,Q3,华南,手机,线下,老客,49753.98,34777.37,2,0.301
2024-08-30,Q3,华西,家电,分销,VIP,17809.05,10427.55,13,0.4145
2024-08-30,Q3,华东,穿戴,线下,VIP,13988.47,8424.64,15,0.3977
2024-08-30,Q3,华东,电脑,线下,新客,45060.8,33307.37,13,0.2608
2024-08-31,Q3,华北,电脑,线上,老客,20496.44,13998.91,10,0.317
2024-08-31,Q3,华西,手机,分销,VIP,6720.34,5650.17,7,0.1592
2024-08-31,Q3,华西,手机,线上,新客,41681.9,32139.25,17,0.2289
2024-08-31,Q3,华北,电脑,线下,新客,15269.49,10402.08,14,0.3188
2024-08-31,Q3,华北,家电,线上,VIP,23959.81,17707.48,8,0.261
2024-08-31,Q3,华东,家电,分销,VIP,15406.57,12936.55,16,0.1603
2024-08-31,Q3,华东,手机,线下,新客,39685.17,32986.22,12,0.1688
2024-08-31,Q3,华东,穿戴,分销,VIP,46377.05,30654.98,2,0.339
2024-08-31,Q3,华西,家电,线下,新客,5263.95,4179.28,15,0.2061
2024-09-01,Q3,华西,穿戴,线下,老客,48699.44,32594.57,10,0.3307
2024-09-01,Q3,华东,电脑,线下,VIP,7356.07,5433.44,8,0.2614
2024-09-01,Q3,华北,穿戴,线下,老客,8368.85,6822.59,14,0.1848
2024-09-01,Q3,华东,手机,线下,新客,18044.1,12143.25,1,0.327
2024-09-01,Q3,华东,家电,线上,新客,7628.72,6250.4,6,0.1807
2024-09-01,Q3,华南,家电,线下,VIP,14593.18,11711.65,9,0.1975
2024-09-01,Q3,华东,手机,线上,新客,25762.28,18595.79,11,0.2782
2024-09-01,Q3,华东,家电,线下,VIP,45026.46,35624.92,7,0.2088
2024-09-01,Q3,华西,手机,线上,VIP,49448.68,34390.64,4,0.3045
2024-09-01,Q3,华西,电脑,线下,VIP,37896.24,22130.53,10,0.416
2024-09-01,Q3,华东,手机,线下,VIP,6904,4326.32,3,0.3734
2024-09-02,Q3,华东,穿戴,分销,VIP,25453.59,20031.51,19,0.213
2024-09-02,Q3,华南,电脑,线上,新客,46200.2,34822.64,8,0.2463
2024-09-02,Q3,华东,电脑,线上,老客,17256.03,12144.35,17,0.2962
2024-09-02,Q3,华南,电脑,分销,老客,6234.03,3428.92,13,0.45
2024-09-02,Q3,华西,穿戴,分销,老客,15489.2,8667.27,15,0.4404
2024-09-02,Q3,华北,穿戴,线上,新客,22253.05,17336.01,13,0.221
2024-09-02,Q3,华北,穿戴,线下,新客,42998.84,24460.54,13,0.4311
2024-09-02,Q3,华北,家电,分销,VIP,32936.31,27464.05,16,0.1661
2024-09-02,Q3,华南,手机,线下,老客,40542.36,26751.12,15,0.3402
2024-09-02,Q3,华南,电脑,线下,VIP,34124.72,25346.71,5,0.2572
2024-09-02,Q3,华东,手机,线上,VIP,38710.14,24009.59,7,0.3798
2024-09-02,Q3,华东,手机,线上,新客,47175.14,39536.87,14,0.1619
2024-09-02,Q3,华北,手机,线下,老客,8857.32,7361.85,10,0.1688
2024-09-03,Q3,华西,家电,线下,老客,45098.42,33829.6,10,0.2499
2024-09-03,Q3,华北,家电,线上,老客,25526.04,20293.01,11,0.205
2024-09-03,Q3,华东,手机,分销,VIP,27478.07,16103.73,1,0.4139
2024-09-03,Q3,华北,手机,分销,老客,6116.97,3909.75,4,0.3608
2024-09-03,Q3,华西,手机,线下,VIP,36464.71,27468.53,6,0.2467
2024-09-03,Q3,华南,电脑,线下,老客,34593.39,29357.19,1,0.1514
2024-09-03,Q3,华南,穿戴,线下,老客,45784.5,34507.33,16,0.2463
2024-09-03,Q3,华东,家电,线下,老客,22874.85,17725.03,13,0.2251
2024-09-03,Q3,华东,家电,分销,VIP,21644.52,14132.89,3,0.347
2024-09-03,Q3,华东,家电,分销,VIP,11255.26,7066.25,13,0.3722
2024-09-03,Q3,华西,家电,线下,VIP,10613.27,5850.14,8,0.4488
2024-09-03,Q3,华东,电脑,分销,新客,32821.18,21569.8,10,0.3428
2024-09-03,Q3,华东,手机,线上,新客,46763.16,34768.8,7,0.2565
2024-09-04,Q3,华东,电脑,线上,老客,44993.76,28816.34,7,0.3595
2024-09-04,Q3,华西,家电,分销,老客,12510.65,9404.87,5,0.2483
2024-09-04,Q3,华北,家电,线上,VIP,17942.55,10411.63,8,0.4197
2024-09-04,Q3,华北,家电,分销,VIP,32168.29,18806.84,9,0.4154
2024-09-04,Q3,华东,电脑,线上,老客,17236.01,10743.31,4,0.3767
2024-09-04,Q3,华西,家电,线下,新客,8053.04,6623.3,11,0.1775
2024-09-04,Q3,华北,电脑,线上,新客,42621.41,24834.64,4,0.4173
2024-09-04,Q3,华南,手机,线上,老客,16835.35,10012.79,6,0.4053
2024-09-04,Q3,华南,家电,线下,新客,13371.93,10973.87,7,0.1793
2024-09-04,Q3,华东,家电,分销,VIP,24266.42,13790,3,0.4317
2024-09-04,Q3,华北,穿戴,线下,新客,13672.48,11094.44,18,0.1886
2024-09-05,Q3,华南,穿戴,分销,新客,16913.8,13237.27,9,0.2174
2024-09-05,Q3,华北,电脑,线上,新客,45023.91,26966.59,1,0.4011
2024-09-05,Q3,华西,穿戴,分销,新客,13062.09,10562.42,16,0.1914
2024-09-05,Q3,华东,电脑,线下,新客,8177.89,6043.92,5,0.2609
2024-09-05,Q3,华南,手机,线上,新客,20068.2,13039.17,19,0.3503
2024-09-05,Q3,华西,家电,线上,老客,31063.37,25163.62,11,0.1899
2024-09-05,Q3,华南,穿戴,线上,新客,47722.13,26586.05,19,0.4429
2024-09-05,Q3,华西,电脑,线上,VIP,8301.26,6064.33,4,0.2695
2024-09-05,Q3,华南,电脑,分销,新客,11536.26,7022.92,10,0.3912
2024-09-05,Q3,华北,穿戴,分销,老客,42379.44,23751.65,18,0.4395
2024-09-06,Q3,华南,电脑,线下,VIP,17006.81,13665.99,8,0.1964
2024-09-06,Q3,华北,穿戴,线上,老客,15600.53,12101.23,16,0.2243
2024-09-06,Q3,华西,家电,线上,VIP,42065.11,27815.8,3,0.3387
2024-09-06,Q3,华北,电脑,线下,VIP,7334.34,4977.73,19,0.3213
2024-09-06,Q3,华南,家电,线上,VIP,7645.28,5321.9,13,0.3039
2024-09-06,Q3,华西,手机,线上,老客,19143.39,11050.02,6,0.4228
2024-09-06,Q3,华北,手机,线下,VIP,37570.93,24266.5,2,0.3541
2024-09-06,Q3,华北,电脑,线上,新客,30393.58,18134.22,10,0.4034
2024-09-06,Q3,华西,手机,线上,新客,23730.65,16339.86,11,0.3114
2024-09-06,Q3,华东,手机,线下,新客,16938.67,10149.7,2,0.4008
2024-09-07,Q3,华北,电脑,线下,新客,44267.09,26192.89,8,0.4083
2024-09-07,Q3,华西,家电,线上,新客,45158.05,28674.79,7,0.365
2024-09-07,Q3,华北,穿戴,线下,新客,11947.2,9771.72,18,0.1821
2024-09-07,Q3,华西,手机,分销,老客,37642.06,29990.18,2,0.2033
2024-09-07,Q3,华西,穿戴,线下,新客,49538.26,38230.62,3,0.2283
2024-09-07,Q3,华南,家电,线上,新客,20402.95,14617.17,6,0.2836
2024-09-07,Q3,华南,穿戴,线上,老客,17429.44,14479.09,19,0.1693
2024-09-07,Q3,华西,家电,分销,新客,12753.53,9182.69,9,0.28
2024-09-07,Q3,华东,家电,线下,新客,19247.19,12318.55,19,0.36
2024-09-07,Q3,华西,穿戴,分销,VIP,29487.23,18111.73,6,0.3858
2024-09-07,Q3,华北,手机,线上,VIP,20222.71,15099.16,3,0.2534
2024-09-08,Q3,华南,手机,线下,VIP,8899,5110.73,2,0.4257
2024-09-08,Q3,华南,手机,分销,新客,35619.53,24169.11,2,0.3215
2024-09-08,Q3,华南,手机,线上,新客,18350.34,13871.16,1,0.2441
2024-09-08,Q3,华东,家电,分销,VIP,35111.85,27360.98,9,0.2207
2024-09-08,Q3,华西,手机,分销,VIP,17997.69,10128.76,1,0.4372
2024-09-08,Q3,华南,家电,线下,新客,45191.55,36052.33,7,0.2022
2024-09-08,Q3,华西,手机,线下,老客,44875.92,37947.55,11,0.1544
2024-09-08,Q3,华西,穿戴,线上,老客,25436.04,15636.96,5,0.3852
2024-09-08,Q3,华东,家电,线上,老客,19257.8,14227.08,13,0.2612
2024-09-09,Q3,华西,电脑,线下,老客,8165.66,4592.09,9,0.4376
2024-09-09,Q3,华南,手机,线下,VIP,35258.71,25161.24,12,0.2864
2024-09-09,Q3,华东,手机,分销,VIP,45261.95,38094.91,8,0.1583
2024-09-09,Q3,华西,家电,分销,VIP,40195.58,24508.5,19,0.3903
2024-09-09,Q3,华东,穿戴,线下,新客,36739.03,29677.58,2,0.1922
2024-09-09,Q3,华北,手机,线下,VIP,29123.79,20171.38,4,0.3074
2024-09-09,Q3,华北,穿戴,线下,老客,36168.12,28693.22,7,0.2067
2024-09-09,Q3,华西,家电,线下,VIP,35032.04,24914.68,5,0.2888
2024-09-09,Q3,华南,家电,线下,新客,42895.18,29469.11,7,0.313
2024-09-09,Q3,华北,穿戴,线下,VIP,35873.51,24893.64,5,0.3061
2024-09-09,Q3,华北,电脑,分销,老客,27356.86,16855.42,14,0.3839
2024-09-09,Q3,华南,手机,线上,新客,22460.35,16558.63,6,0.2628
2024-09-09,Q3,华北,手机,线下,新客,19489.6,15799.08,8,0.1894
2024-09-09,Q3,华南,穿戴,线下,VIP,5840.83,4719.3,16,0.192
2024-09-10,Q3,华西,家电,线上,新客,9816.18,8140.4,7,0.1707
2024-09-10,Q3,华南,电脑,线上,新客,28620.63,16699.83,7,0.4165
2024-09-10,Q3,华东,手机,线下,VIP,6920.71,3980.57,15,0.4248
2024-09-10,Q3,华北,穿戴,线下,老客,43160.99,29705.6,7,0.3117
2024-09-10,Q3,华北,家电,线下,老客,46000.13,31773.59,6,0.3093
2024-09-10,Q3,华南,手机,线上,老客,21069.93,16706.68,7,0.2071
2024-09-10,Q3,华北,穿戴,线上,老客,18055.69,11389.33,13,0.3692
2024-09-10,Q3,华东,手机,线上,VIP,37089.05,24172.05,14,0.3483
2024-09-11,Q3,华南,家电,线上,老客,5458.19,3718,14,0.3188
2024-09-11,Q3,华南,穿戴,线下,老客,5210.27,3754.75,3,0.2794
2024-09-11,Q3,华东,电脑,分销,新客,24121.92,14102.43,2,0.4154
2024-09-11,Q3,华东,电脑,线下,新客,35426.97,28082.08,9,0.2073
2024-09-11,Q3,华东,家电,线上,新客,31235.18,17739.82,9,0.4321
2024-09-11,Q3,华东,电脑,分销,VIP,46704.16,30941.47,4,0.3375
2024-09-11,Q3,华北,家电,线下,新客,9346.35,6016.15,17,0.3563
2024-09-11,Q3,华西,手机,线下,VIP,32573.35,23635.55,6,0.2744
2024-09-11,Q3,华东,家电,线上,老客,33275.51,21161.02,8,0.3641
2024-09-11,Q3,华东,电脑,线下,老客,27904.96,21000.84,2,0.2474
2024-09-11,Q3,华北,穿戴,线下,老客,38319.82,31271.07,6,0.1839
2024-09-11,Q3,华南,穿戴,分销,老客,27347.82,19819.25,9,0.2753
2024-09-12,Q3,华西,手机,分销,老客,12065.56,9832.1,11,0.1851
2024-09-12,Q3,华南,电脑,线上,新客,39853.39,29517.85,6,0.2593
2024-09-12,Q3,华北,穿戴,线下,老客,40157.75,31885.33,7,0.206
2024-09-12,Q3,华西,电脑,分销,VIP,48794.33,40251.18,16,0.1751
2024-09-12,Q3,华东,穿戴,线上,VIP,49060.43,27007.4,13,0.4495
2024-09-12,Q3,华东,电脑,线上,老客,13017.95,9113.98,4,0.2999
2024-09-12,Q3,华北,手机,线下,新客,35363.09,21811.19,15,0.3832
2024-09-12,Q3,华北,穿戴,分销,VIP,32358.58,18558.38,16,0.4265
2024-09-12,Q3,华西,手机,分销,新客,48496.24,37820.06,5,0.2201
2024-09-12,Q3,华南,手机,线下,VIP,33525.27,25053.65,16,0.2527
2024-09-13,Q3,华南,手机,线下,新客,11434.23,9565.28,5,0.1635
2024-09-13,Q3,华北,家电,线上,VIP,5699.44,3592.4,15,0.3697
2024-09-13,Q3,华东,穿戴,线下,VIP,43782.63,30606.99,7,0.3009
2024-09-13,Q3,华东,电脑,线上,VIP,47001.08,30053.5,1,0.3606
2024-09-13,Q3,华东,电脑,线上,老客,47161.92,35735.69,9,0.2423
2024-09-13,Q3,华南,手机,线上,VIP,42784.9,31022.35,17,0.2749
2024-09-13,Q3,华北,穿戴,线上,VIP,49509.05,41318.94,17,0.1654
2024-09-13,Q3,华东,电脑,分销,VIP,20364.73,11433.41,6,0.4386
2024-09-13,Q3,华西,电脑,线下,新客,34568.91,20912.48,19,0.395
2024-09-13,Q3,华东,电脑,线上,新客,30887.57,19986.03,11,0.3529
2024-09-14,Q3,华北,穿戴,线上,VIP,26415.18,15074.24,9,0.4293
2024-09-14,Q3,华西,穿戴,分销,老客,11232.83,8826.54,17,0.2142
2024-09-14,Q3,华东,穿戴,线下,老客,11504.42,9628.85,16,0.163
2024-09-14,Q3,华南,家电,线上,老客,46604.99,38502.46,12,0.1739
2024-09-14,Q3,华北,家电,线下,老客,21347.98,16714.17,7,0.2171
2024-09-14,Q3,华南,穿戴,线下,老客,15148.49,9854.8,9,0.3495
2024-09-14,Q3,华南,电脑,线上,新客,12517.63,8298.84,18,0.337
2024-09-14,Q3,华东,电脑,分销,新客,30861.86,25293.31,7,0.1804
2024-09-14,Q3,华东,穿戴,线下,老客,11678.15,9300.81,16,0.2036
2024-09-14,Q3,华东,家电,分销,VIP,5426.28,3871,12,0.2866
2024-09-14,Q3,华西,手机,线上,VIP,32963.47,21628.17,3,0.3439
2024-09-14,Q3,华东,穿戴,线下,VIP,29475.87,22403.85,15,0.2399
2024-09-15,Q3,华东,电脑,分销,VIP,49465.18,34044.68,18,0.3117
2024-09-15,Q3,华西,手机,线上,老客,34602.06,21976.76,14,0.3649
2024-09-15,Q3,华南,电脑,线上,VIP,19405.97,12795.07,6,0.3407
2024-09-15,Q3,华西,电脑,分销,老客,15757.05,12455.45,19,0.2095
2024-09-15,Q3,华北,穿戴,线下,新客,5486.38,3219.28,1,0.4132
2024-09-15,Q3,华东,穿戴,线上,老客,11591.12,6588.23,5,0.4316
2024-09-15,Q3,华北,穿戴,线上,VIP,42672.33,32757.95,6,0.2323
2024-09-15,Q3,华北,家电,分销,老客,23883.16,19391.79,13,0.1881
2024-09-15,Q3,华北,穿戴,线上,VIP,34668.03,29150.36,15,0.1592
2024-09-16,Q3,华东,电脑,线下,新客,36377.68,23333.97,6,0.3586
2024-09-16,Q3,华北,电脑,线上,新客,7865.2,6090.02,8,0.2257
2024-09-16,Q3,华西,穿戴,线下,新客,35275.09,20150.55,4,0.4288
2024-09-16,Q3,华西,家电,线下,新客,21814.83,12601.91,3,0.4223
2024-09-16,Q3,华西,穿戴,线下,新客,27227.8,22034.23,8,0.1907
2024-09-16,Q3,华南,手机,分销,新客,49416.9,39091.43,11,0.2089
2024-09-16,Q3,华东,手机,线上,VIP,46233.21,36081.13,19,0.2196
2024-09-16,Q3,华东,电脑,线下,新客,35930.35,20010.75,12,0.4431
2024-09-16,Q3,华南,手机,分销,新客,14563.99,8584.52,5,0.4106
2024-09-17,Q3,华南,手机,线下,VIP,7195.13,4238.96,16,0.4109
2024-09-17,Q3,华南,手机,分销,新客,32901.98,22598.3,11,0.3132
2024-09-17,Q3,华东,电脑,线下,新客,12275.91,7908.88,9,0.3557
2024-09-17,Q3,华西,穿戴,分销,VIP,40514.77,23056.82,19,0.4309
2024-09-17,Q3,华西,家电,分销,VIP,20583.7,17300.76,10,0.1595
2024-09-17,Q3,华西,手机,线上,VIP,43663.59,32978.5,12,0.2447
2024-09-17,Q3,华南,家电,线下,老客,10577.2,6188.3,12,0.4149
2024-09-17,Q3,华东,穿戴,分销,VIP,46102.08,25464.76,15,0.4476
2024-09-17,Q3,华东,穿戴,线上,新客,8006.99,6342.04,19,0.2079
2024-09-17,Q3,华东,穿戴,线下,新客,26949.34,14940.54,11,0.4456
2024-09-17,Q3,华北,电脑,线下,新客,33346.15,26732.9,7,0.1983
2024-09-18,Q3,华东,电脑,线下,VIP,23538.8,15011.93,16,0.3622
2024-09-18,Q3,华西,家电,线下,VIP,38182.8,26600.38,10,0.3033
2024-09-18,Q3,华西,电脑,分销,VIP,34685.31,21078.83,14,0.3923
2024-09-18,Q3,华西,手机,线下,新客,5516.87,3483.7,9,0.3685
2024-09-18,Q3,华东,家电,线上,新客,23637.66,14646.48,8,0.3804
2024-09-18,Q3,华南,家电,线上,老客,35110.16,24626.93,1,0.2986
2024-09-18,Q3,华西,穿戴,线下,新客,8634.16,6623,9,0.2329
2024-09-18,Q3,华北,家电,分销,新客,12920.67,8984.1,11,0.3047
2024-09-18,Q3,华东,手机,分销,老客,5943.32,3976.13,12,0.331
2024-09-19,Q3,华北,穿戴,线上,新客,9504.21,6327.96,17,0.3342
2024-09-19,Q3,华南,电脑,分销,VIP,35360.53,29334.1,6,0.1704
2024-09-19,Q3,华北,穿戴,分销,老客,5339.62,3158.14,3,0.4085
2024-09-19,Q3,华南,穿戴,线上,VIP,41667.08,26613.12,11,0.3613
2024-09-19,Q3,华东,穿戴,线下,新客,24002.47,19378.78,14,0.1926
2024-09-19,Q3,华南,穿戴,分销,老客,7165.68,4542.6,16,0.3661
2024-09-19,Q3,华东,手机,线下,VIP,33342,18540.01,18,0.4439
2024-09-19,Q3,华北,电脑,线下,老客,25906.62,21071.64,12,0.1866
2024-09-20,Q3,华北,家电,线上,新客,18511.04,12385,10,0.3309
2024-09-20,Q3,华东,家电,线上,新客,31871.83,21098.29,17,0.338
2024-09-20,Q3,华北,穿戴,分销,VIP,19370.63,12170.37,16,0.3717
2024-09-20,Q3,华南,穿戴,线上,新客,34024.67,21325.37,10,0.3732
2024-09-20,Q3,华北,家电,分销,VIP,8278.58,6872.28,17,0.1699
2024-09-20,Q3,华东,电脑,分销,VIP,24841.58,19489.98,17,0.2154
2024-09-20,Q3,华西,家电,线下,老客,29612.44,17607.38,7,0.4054
2024-09-20,Q3,华南,电脑,线下,老客,21088.94,11604.87,7,0.4497
2024-09-20,Q3,华南,手机,分销,老客,11344.78,9518.62,4,0.161
2024-09-20,Q3,华西,电脑,线上,老客,24776.73,13642.02,16,0.4494
2024-09-20,Q3,华南,手机,分销,VIP,26557.82,22213.08,16,0.1636
2024-09-20,Q3,华东,家电,分销,新客,9825.19,5880.3,12,0.4015
2024-09-20,Q3,华东,电脑,线下,VIP,46976.86,33358.49,15,0.2899
2024-09-21,Q3,华北,电脑,线上,VIP,35557.38,20068.5,5,0.4356
2024-09-21,Q3,华东,穿戴,线上,新客,30700.51,25746.99,9,0.1613
2024-09-21,Q3,华南,家电,分销,新客,27239.29,16539.6,9,0.3928
2024-09-21,Q3,华西,家电,线上,VIP,29324.36,21156.82,18,0.2785
2024-09-21,Q3,华南,穿戴,线下,老客,7171.21,4693.64,17,0.3455
2024-09-21,Q3,华南,家电,线下,新客,40688.32,23818.08,4,0.4146
2024-09-21,Q3,华西,穿戴,分销,老客,34903.78,28213.2,12,0.1917
2024-09-21,Q3,华南,穿戴,分销,新客,29884.43,23311.64,4,0.2199
2024-09-21,Q3,华西,电脑,线上,新客,26438.26,17074.33,15,0.3542
2024-09-22,Q3,华南,家电,线下,老客,30626.39,18432.43,2,0.3982
2024-09-22,Q3,华北,穿戴,分销,新客,18663.87,10313.31,11,0.4474
2024-09-22,Q3,华北,手机,分销,VIP,19360.34,16057.12,19,0.1706
2024-09-22,Q3,华南,电脑,线下,老客,35509.5,27918.76,6,0.2138
2024-09-22,Q3,华南,手机,线上,VIP,22020.96,17819.12,8,0.1908
2024-09-22,Q3,华东,手机,线上,新客,25308.01,18776.14,12,0.2581
2024-09-22,Q3,华北,电脑,线下,老客,12741.77,7774.32,4,0.3899
2024-09-22,Q3,华西,电脑,分销,新客,43605.91,25522.42,19,0.4147
2024-09-23,Q3,华北,手机,分销,老客,40518.37,29261.72,13,0.2778
2024-09-23,Q3,华东,电脑,分销,新客,12956.93,10200.85,3,0.2127
2024-09-23,Q3,华西,电脑,分销,新客,20890.84,14649.76,2,0.2987
2024-09-23,Q3,华北,手机,线下,老客,10371.6,8313.45,17,0.1984
2024-09-23,Q3,华南,穿戴,线下,VIP,23409.54,13105.08,1,0.4402
2024-09-23,Q3,华北,电脑,线上,VIP,7026.65,4881.59,19,0.3053
2024-09-23,Q3,华北,家电,线上,新客,23090.11,17283.64,9,0.2515
2024-09-23,Q3,华东,手机,线下,VIP,26443.21,15805.21,1,0.4023
2024-09-23,Q3,华西,电脑,分销,VIP,38093.75,29624.3,16,0.2223
2024-09-24,Q3,华东,电脑,分销,VIP,9661.77,7652.61,1,0.2079
2024-09-24,Q3,华西,电脑,线上,新客,11147.63,8836.49,12,0.2073
2024-09-24,Q3,华东,家电,分销,新客,24683.03,15085.57,13,0.3888
2024-09-24,Q3,华西,穿戴,分销,VIP,6233.98,3624,1,0.4187
2024-09-24,Q3,华东,手机,线上,VIP,10409.72,8005.49,3,0.231
2024-09-24,Q3,华南,电脑,线下,老客,33367.17,21635.38,7,0.3516
2024-09-24,Q3,华北,电脑,线下,新客,14165.78,9208.69,18,0.3499
2024-09-24,Q3,华北,穿戴,线下,新客,33339.03,26439.18,9,0.207
2024-09-24,Q3,华东,穿戴,分销,新客,36608.05,20182.08,11,0.4487
2024-09-24,Q3,华东,穿戴,线上,新客,8545.84,5847.98,17,0.3157
2024-09-24,Q3,华东,手机,线下,VIP,44415.31,28895.85,16,0.3494
2024-09-25,Q3,华东,穿戴,分销,VIP,9840.27,5507.74,5,0.4403
2024-09-25,Q3,华西,电脑,线下,VIP,35677.23,21896.95,8,0.3862
2024-09-25,Q3,华西,电脑,分销,新客,40824.43,33039.64,9,0.1907
2024-09-25,Q3,华北,手机,线上,VIP,7587.3,6284.75,17,0.1717
2024-09-25,Q3,华西,家电,分销,老客,32996.52,26970.18,7,0.1826
2024-09-25,Q3,华北,电脑,分销,VIP,27592.23,15447.64,5,0.4401
2024-09-25,Q3,华西,家电,线上,VIP,33664.34,27469.01,6,0.184
2024-09-25,Q3,华北,穿戴,线下,老客,48404.04,27600.69,7,0.4298
2024-09-25,Q3,华西,家电,分销,新客,9708.43,6355.92,16,0.3453
2024-09-25,Q3,华西,家电,线下,新客,19458.06,11072.62,14,0.4309
2024-09-25,Q3,华北,穿戴,线下,新客,42418.33,26008.23,5,0.3869
2024-09-26,Q3,华西,手机,线下,新客,30407.13,24053.26,13,0.209
2024-09-26,Q3,华北,穿戴,线下,VIP,6619.49,4013.86,11,0.3936
2024-09-26,Q3,华北,穿戴,线下,VIP,24647.01,13619.88,15,0.4474
2024-09-26,Q3,华南,家电,线上,VIP,31474.74,25875.67,17,0.1779
2024-09-26,Q3,华北,手机,线上,VIP,7745.62,5108.81,14,0.3404
2024-09-26,Q3,华西,家电,线上,VIP,5334.74,3337.6,11,0.3744
2024-09-26,Q3,华南,电脑,线下,新客,29215.93,21993.56,19,0.2472
2024-09-26,Q3,华南,穿戴,线上,VIP,16323.94,12360.77,5,0.2428
2024-09-26,Q3,华东,手机,线上,VIP,45339.68,35177.14,2,0.2241
2024-09-26,Q3,华南,家电,分销,VIP,42019.29,33457.76,6,0.2038
2024-09-26,Q3,华北,电脑,分销,老客,39044.35,24453.98,4,0.3737
2024-09-27,Q3,华西,穿戴,线上,新客,46967.45,33513.33,7,0.2865
2024-09-27,Q3,华西,手机,分销,VIP,26614.58,17445.77,10,0.3445
2024-09-27,Q3,华西,穿戴,线上,老客,25639.51,20400.73,17,0.2043
2024-09-27,Q3,华南,手机,分销,VIP,35087.34,23119.35,11,0.3411
2024-09-27,Q3,华北,电脑,线下,老客,7171.13,4178.7,6,0.4173
2024-09-27,Q3,华东,穿戴,线下,VIP,28902.23,18862.01,11,0.3474
2024-09-27,Q3,华西,手机,线上,老客,46836.61,35489.24,10,0.2423
2024-09-27,Q3,华北,电脑,线上,VIP,22337.15,15147.34,6,0.3219
2024-09-27,Q3,华南,电脑,线下,新客,13195.31,10368.26,15,0.2142
2024-09-27,Q3,华南,电脑,线上,老客,15917.86,9892.14,9,0.3786
2024-09-28,Q3,华东,家电,分销,老客,20218.21,15042.67,17,0.256
2024-09-28,Q3,华南,家电,分销,VIP,8329.5,4972.28,1,0.4031
2024-09-28,Q3,华北,家电,线下,VIP,49950.21,37656.17,12,0.2461
2024-09-28,Q3,华东,家电,线下,老客,41080.67,24386.99,17,0.4064
2024-09-28,Q3,华西,穿戴,分销,老客,7967.5,4883,17,0.3871
2024-09-28,Q3,华南,穿戴,分销,新客,33843.45,27305.64,15,0.1932
2024-09-28,Q3,华西,家电,线下,VIP,31140.27,23777.26,2,0.2364
2024-09-28,Q3,华南,穿戴,线下,新客,38441.36,24494.21,3,0.3628
2024-09-28,Q3,华北,家电,分销,老客,27556.86,15450.56,13,0.4393
2024-09-28,Q3,华南,手机,线上,新客,47612.63,28386.49,13,0.4038
2024-09-28,Q3,华西,穿戴,线下,老客,42057.81,33528.54,9,0.2028
2024-09-28,Q3,华北,穿戴,分销,新客,24512.48,19180.18,6,0.2175
2024-09-28,Q3,华北,手机,线上,新客,46352.1,35455.86,9,0.2351
2024-09-28,Q3,华东,穿戴,线下,新客,41921.41,24439.6,5,0.417
2024-09-29,Q3,华东,家电,线下,老客,23760.55,18950.12,1,0.2025
2024-09-29,Q3,华西,穿戴,分销,老客,37755.03,21802.94,15,0.4225
2024-09-29,Q3,华北,电脑,线上,新客,20525.42,14163.99,18,0.3099
2024-09-29,Q3,华北,家电,线上,老客,14181.77,9853.32,15,0.3052
2024-09-29,Q3,华北,手机,线上,VIP,12794.89,9178.57,11,0.2826
2024-09-29,Q3,华北,家电,分销,老客,26926.06,15817.47,4,0.4126
2024-09-29,Q3,华东,电脑,线下,VIP,21375.23,15275.98,18,0.2853
2024-09-29,Q3,华北,手机,线下,VIP,40465.28,28906.9,6,0.2856
2024-09-29,Q3,华北,家电,线上,新客,20413.63,12744.29,18,0.3757
2024-09-29,Q3,华南,穿戴,分销,老客,29018.32,17688.26,18,0.3904
2024-09-29,Q3,华南,手机,分销,VIP,20394.44,15907.08,13,0.22
2024-09-30,Q3,华南,电脑,分销,VIP,43494.36,34406.8,3,0.2089
2024-09-30,Q3,华东,穿戴,线下,新客,16188.58,9496.07,19,0.4134
2024-09-30,Q3,华西,手机,线上,VIP,15430.48,11590.73,10,0.2488
2024-09-30,Q3,华南,电脑,分销,老客,48903.62,34356.83,17,0.2975
2024-09-30,Q3,华南,穿戴,线下,VIP,33171.05,25573.19,1,0.2291
2024-09-30,Q3,华南,电脑,线下,老客,10557.22,7443.7,9,0.2949
2024-09-30,Q3,华西,手机,线下,VIP,41621.46,32225.75,9,0.2257
2024-09-30,Q3,华西,家电,线下,老客,49874.56,39333.68,17,0.2113
2024-09-30,Q3,华北,手机,线下,VIP,18278.27,11511.8,15,0.3702
2024-10-01,Q4,华西,手机,线下,老客,47784.37,27488.98,15,0.4247
2024-10-01,Q4,华南,电脑,线上,新客,5595.29,4581.96,6,0.1811
2024-10-01,Q4,华东,电脑,线上,VIP,24967.62,20469.23,4,0.1802
2024-10-01,Q4,华西,手机,线下,VIP,11945.09,8920.74,7,0.2532
2024-10-01,Q4,华西,家电,分销,新客,35919.89,27962.13,5,0.2215
2024-10-01,Q4,华东,电脑,线下,VIP,20848.45,17628.59,19,0.1544
2024-10-01,Q4,华西,电脑,分销,VIP,49081.94,38051.82,14,0.2247
2024-10-01,Q4,华北,家电,线下,VIP,44905.63,36119.22,19,0.1957
2024-10-02,Q4,华西,电脑,分销,老客,23435.7,19291.95,19,0.1768
2024-10-02,Q4,华东,穿戴,线上,新客,6521.21,3608.89,2,0.4466
2024-10-02,Q4,华南,穿戴,线上,VIP,14767.51,8126.37,16,0.4497
2024-10-02,Q4,华西,手机,线上,VIP,34661.47,25743.58,16,0.2573
2024-10-02,Q4,华东,电脑,分销,VIP,17260.12,11113.17,7,0.3561
2024-10-02,Q4,华西,手机,分销,老客,7990.71,4413.25,3,0.4477
2024-10-02,Q4,华西,电脑,分销,VIP,36149.95,21072.85,19,0.4171
2024-10-02,Q4,华南,家电,分销,老客,48068.53,28775.81,4,0.4014
2024-10-02,Q4,华东,家电,线下,VIP,17070.81,10300.26,19,0.3966
2024-10-02,Q4,华东,家电,线上,VIP,36431.61,28122.21,15,0.2281
2024-10-02,Q4,华西,手机,线下,新客,49698.45,37374.5,17,0.248
2024-10-02,Q4,华南,电脑,线上,VIP,28967.84,22971.52,14,0.207
2024-10-02,Q4,华南,穿戴,线上,新客,11783.36,6922.21,14,0.4125
2024-10-02,Q4,华东,电脑,分销,VIP,42337.04,25330.68,9,0.4017
2024-10-03,Q4,华南,穿戴,分销,老客,15568.12,11393.21,11,0.2682
2024-10-03,Q4,华南,电脑,分销,老客,21396.92,15512.04,6,0.275
2024-10-03,Q4,华东,穿戴,分销,老客,16755.52,13117.32,14,0.2171
2024-10-03,Q4,华西,电脑,线下,老客,7319.76,5310.94,15,0.2744
2024-10-03,Q4,华南,电脑,线上,老客,21980.97,17181.63,14,0.2183
2024-10-03,Q4,华北,穿戴,线上,老客,7224.83,4265.46,4,0.4096
2024-10-03,Q4,华西,电脑,线下,VIP,10168.86,5857.91,2,0.4239
2024-10-03,Q4,华北,手机,线下,VIP,36079.95,22358.58,14,0.3803
2024-10-03,Q4,华南,电脑,分销,新客,5940.23,4686.73,3,0.211
2024-10-03,Q4,华北,穿戴,分销,VIP,41495.99,30112.77,2,0.2743
2024-10-03,Q4,华西,家电,分销,新客,33871.52,23751.67,3,0.2988
2024-10-03,Q4,华北,穿戴,分销,VIP,27424.69,20848.52,9,0.2398
2024-10-03,Q4,华东,家电,线下,VIP,29294.59,16291.73,14,0.4439
2024-10-03,Q4,华南,电脑,线下,新客,20211.04,11564,13,0.4278
2024-10-04,Q4,华南,穿戴,线上,老客,48343.47,29938,10,0.3807
2024-10-04,Q4,华南,穿戴,线上,VIP,29774.92,20086.34,11,0.3254
2024-10-04,Q4,华西,手机,线下,新客,34145.27,27363.84,2,0.1986
2024-10-04,Q4,华东,电脑,线上,老客,22108.18,14038.17,4,0.365
2024-10-04,Q4,华东,手机,线上,老客,25702.33,18323.22,4,0.2871
2024-10-04,Q4,华北,家电,分销,VIP,15866.25,12535.38,1,0.2099
2024-10-04,Q4,华西,家电,分销,老客,18823.5,15813.03,10,0.1599
2024-10-04,Q4,华北,家电,线上,老客,29869.64,20487.8,7,0.3141
2024-10-04,Q4,华东,手机,分销,老客,47645.1,30834.98,6,0.3528
2024-10-04,Q4,华南,家电,线上,新客,44255.78,29123.67,16,0.3419
2024-10-04,Q4,华南,家电,线下,老客,6699.42,3816.39,10,0.4303
2024-10-05,Q4,华东,手机,线上,新客,34654.05,21717.85,9,0.3733
2024-10-05,Q4,华北,手机,线下,新客,44514.33,32599.77,12,0.2677
2024-10-05,Q4,华北,手机,线上,老客,27590.98,16371.82,17,0.4066
2024-10-05,Q4,华南,电脑,线下,老客,35906.4,25473.62,1,0.2906
2024-10-05,Q4,华西,手机,分销,老客,41627.9,33016.01,11,0.2069
2024-10-05,Q4,华西,家电,线下,老客,5556.49,3456.7,13,0.3779
2024-10-05,Q4,华东,电脑,分销,老客,14541.12,8057.02,9,0.4459
2024-10-05,Q4,华北,手机,线下,新客,21352.82,16680.49,18,0.2188
2024-10-05,Q4,华南,家电,分销,VIP,37588.89,25427.91,4,0.3235
2024-10-05,Q4,华西,穿戴,分销,新客,40883.17,22816.08,5,0.4419
2024-10-05,Q4,华南,家电,分销,VIP,45691.06,27981.78,5,0.3876
2024-10-05,Q4,华西,家电,线上,老客,28303.96,20531.57,13,0.2746
2024-10-06,Q4,华北,手机,线下,新客,33232.03,19524,17,0.4125
2024-10-06,Q4,华西,家电,线上,VIP,27785.16,17865.62,13,0.357
2024-10-06,Q4,华北,电脑,线下,VIP,16006.1,11489.48,9,0.2822
2024-10-06,Q4,华西,家电,线下,老客,37677.66,29811.14,19,0.2088
2024-10-06,Q4,华南,电脑,线上,VIP,27405.02,15700.97,12,0.4271
2024-10-06,Q4,华南,家电,分销,老客,9275.61,7251.58,15,0.2182
2024-10-06,Q4,华北,电脑,线上,VIP,32155.3,20268.61,11,0.3697
2024-10-06,Q4,华南,手机,线下,老客,10419.72,7161.58,10,0.3127
2024-10-06,Q4,华南,穿戴,线下,VIP,19443.52,15863.03,7,0.1841
2024-10-06,Q4,华北,手机,分销,新客,15510.25,8802.18,9,0.4325
2024-10-06,Q4,华西,家电,线下,新客,40404.42,30816.43,13,0.2373
2024-10-06,Q4,华北,电脑,分销,VIP,29132.07,19632.99,17,0.3261
2024-10-06,Q4,华东,家电,线下,老客,32841.91,19028.02,2,0.4206
2024-10-06,Q4,华南,电脑,线下,VIP,44890.7,30138.01,18,0.3286
2024-10-07,Q4,华北,家电,分销,新客,9879.75,8107.45,8,0.1794
2024-10-07,Q4,华西,手机,线下,VIP,43525.07,29871.94,12,0.3137
2024-10-07,Q4,华南,手机,分销,老客,25591.68,19896.34,8,0.2225
2024-10-07,Q4,华东,家电,线下,VIP,22408.27,13549.72,8,0.3953
2024-10-07,Q4,华北,电脑,分销,新客,36881.46,28047.99,6,0.2395
2024-10-07,Q4,华北,手机,线上,新客,34266.74,19196.93,14,0.4398
2024-10-07,Q4,华东,手机,分销,新客,33030.97,18210.99,13,0.4487
2024-10-07,Q4,华东,穿戴,线下,VIP,12423.24,10469.32,12,0.1573
2024-10-07,Q4,华北,手机,线上,VIP,26173.42,14603.78,17,0.442
2024-10-07,Q4,华西,电脑,线下,新客,38873.83,25435.91,9,0.3457
2024-10-08,Q4,华东,手机,线下,VIP,35401.35,21367.85,12,0.3964
2024-10-08,Q4,华南,家电,分销,新客,37065.59,27893.72,8,0.2474
2024-10-08,Q4,华东,电脑,线下,VIP,34310.03,19954.89,2,0.4184
2024-10-08,Q4,华北,家电,线上,新客,31088.76,21681.57,12,0.3026
2024-10-08,Q4,华东,手机,分销,老客,14688.88,10146.63,11,0.3092
2024-10-08,Q4,华北,电脑,线下,新客,24802.18,17175.82,7,0.3075
2024-10-08,Q4,华南,穿戴,线下,新客,13104.46,8893.27,18,0.3214
2024-10-08,Q4,华北,家电,线上,VIP,14316.67,11590.7,8,0.1904
2024-10-08,Q4,华南,手机,分销,VIP,35926.95,30287.97,7,0.157
2024-10-08,Q4,华南,穿戴,线下,老客,14267.11,11505.05,5,0.1936
2024-10-08,Q4,华西,手机,线下,新客,33363.9,25983.49,11,0.2212
2024-10-08,Q4,华南,家电,分销,VIP,7814.67,5854.65,7,0.2508
2024-10-08,Q4,华东,穿戴,分销,VIP,32176.21,19159.06,13,0.4046
2024-10-08,Q4,华北,家电,线下,VIP,27420.43,23285.48,18,0.1508
2024-10-09,Q4,华北,穿戴,分销,老客,36703.44,22337.84,10,0.3914
2024-10-09,Q4,华南,电脑,分销,新客,42467.1,35586.24,10,0.162
2024-10-09,Q4,华北,手机,线下,新客,49104.35,28986.16,1,0.4097
2024-10-09,Q4,华南,家电,线下,VIP,31202.74,23239.19,8,0.2552
2024-10-09,Q4,华西,电脑,线上,VIP,33862.78,24329.31,14,0.2815
2024-10-09,Q4,华西,家电,线下,VIP,11464.33,9705.53,5,0.1534
2024-10-09,Q4,华东,手机,线下,新客,36488.43,28094.18,14,0.2301
2024-10-09,Q4,华东,手机,线上,新客,39726.42,22009.14,9,0.446
2024-10-10,Q4,华东,穿戴,线上,老客,10537.62,7931.93,1,0.2473
2024-10-10,Q4,华南,电脑,线上,老客,41670.34,24746.1,8,0.4061
2024-10-10,Q4,华北,电脑,分销,新客,41372.24,23817.32,9,0.4243
2024-10-10,Q4,华北,电脑,分销,VIP,35471.89,25138.65,7,0.2913
2024-10-10,Q4,华西,家电,分销,老客,15531.29,11736.09,7,0.2444
2024-10-10,Q4,华南,穿戴,线下,VIP,30490.39,20872.96,11,0.3154
2024-10-10,Q4,华北,手机,线上,VIP,20984.49,11629.18,19,0.4458
2024-10-10,Q4,华西,手机,线下,新客,21850.17,16769.21,6,0.2325
2024-10-10,Q4,华东,手机,线下,老客,11604.94,8806.43,13,0.2411
2024-10-11,Q4,华东,穿戴,线下,老客,6485.85,4576.71,10,0.2944
2024-10-11,Q4,华北,电脑,线上,老客,31492.48,26172.82,5,0.1689
2024-10-11,Q4,华南,穿戴,线上,老客,20240.37,11828.94,11,0.4156
2024-10-11,Q4,华北,电脑,分销,VIP,8513.18,5016.55,12,0.4107
2024-10-11,Q4,华西,电脑,线下,VIP,47459.48,34282.55,16,0.2776
2024-10-11,Q4,华东,电脑,线上,VIP,26282.5,16944.84,18,0.3553
2024-10-11,Q4,华东,穿戴,分销,VIP,20048.85,12409.75,13,0.381
2024-10-11,Q4,华南,电脑,线下,老客,28380,15796.98,2,0.4434
2024-10-11,Q4,华南,家电,线下,VIP,22456.52,18540.49,6,0.1744
2024-10-11,Q4,华西,穿戴,分销,VIP,21309.11,14600.06,3,0.3148
2024-10-11,Q4,华南,手机,线下,VIP,40955.56,30208.74,18,0.2624
2024-10-11,Q4,华东,手机,线上,VIP,45543.93,37878.17,7,0.1683
2024-10-12,Q4,华西,电脑,线下,老客,37775.64,31475.53,12,0.1668
2024-10-12,Q4,华南,手机,线上,老客,35179.9,24471.38,3,0.3044
2024-10-12,Q4,华西,穿戴,分销,VIP,28787.84,24225,6,0.1585
2024-10-12,Q4,华北,电脑,分销,老客,13097.67,7704.28,12,0.4118
2024-10-12,Q4,华东,手机,线下,VIP,47110.03,36717.33,1,0.2206
2024-10-12,Q4,华东,家电,分销,VIP,13363.55,7527.73,9,0.4367
2024-10-12,Q4,华南,穿戴,线下,VIP,23562.58,14645.93,6,0.3784
2024-10-12,Q4,华北,穿戴,线上,老客,14960.16,11817.45,14,0.2101
2024-10-13,Q4,华南,手机,线下,VIP,5764.16,3548.12,16,0.3845
2024-10-13,Q4,华南,电脑,分销,VIP,9813.08,6466.12,8,0.3411
2024-10-13,Q4,华北,手机,线下,VIP,43816.53,31847.35,14,0.2732
2024-10-13,Q4,华东,电脑,分销,VIP,19839.49,11759.87,9,0.4072
2024-10-13,Q4,华东,家电,线下,VIP,20474.1,14863.55,16,0.274
2024-10-13,Q4,华南,手机,线下,新客,14674.76,11124.17,4,0.242
2024-10-13,Q4,华西,手机,分销,新客,45781.94,37036.32,12,0.191
2024-10-13,Q4,华北,手机,线下,VIP,9539.86,5796.66,8,0.3924
2024-10-13,Q4,华南,穿戴,分销,VIP,8419.75,5578.16,5,0.3375
2024-10-13,Q4,华西,手机,分销,VIP,39943.97,28587.87,10,0.2843
2024-10-13,Q4,华西,穿戴,分销,老客,45317.95,32109.03,7,0.2915
2024-10-13,Q4,华北,手机,分销,老客,17566.76,14035.76,6,0.201
2024-10-13,Q4,华南,手机,线上,新客,22751.44,15467.1,18,0.3202
2024-10-13,Q4,华东,电脑,线下,新客,19330.81,16140.8,3,0.165
2024-10-14,Q4,华西,电脑,线上,新客,9588.17,5793.82,2,0.3957
2024-10-14,Q4,华南,电脑,线上,老客,7301.53,5091.96,14,0.3026
2024-10-14,Q4,华北,电脑,分销,老客,46925.84,30678.7,1,0.3462
2024-10-14,Q4,华南,家电,线下,新客,30513.93,21274.04,11,0.3028
2024-10-14,Q4,华南,家电,线下,老客,13854.56,8307.72,3,0.4004
2024-10-14,Q4,华东,电脑,分销,VIP,10405.72,6996.51,12,0.3276
2024-10-14,Q4,华南,手机,分销,老客,25224.84,19076.4,6,0.2437
2024-10-14,Q4,华北,电脑,分销,新客,40599.26,22687.77,4,0.4412
2024-10-15,Q4,华南,手机,线下,VIP,30275.47,25522.59,15,0.157
2024-10-15,Q4,华南,手机,分销,新客,30453.66,23894.55,19,0.2154
2024-10-15,Q4,华西,穿戴,分销,VIP,24282.28,20566.69,10,0.153
2024-10-15,Q4,华南,家电,线上,VIP,16776.99,11660.26,4,0.305
2024-10-15,Q4,华西,家电,线下,新客,46929.92,33416.95,11,0.2879
2024-10-15,Q4,华西,手机,线下,VIP,33000.98,27626.77,8,0.1629
2024-10-15,Q4,华南,家电,线上,新客,26983.47,15702.93,10,0.4181
2024-10-15,Q4,华西,手机,分销,老客,14807.54,9771.71,2,0.3401
2024-10-15,Q4,华东,电脑,分销,新客,27199.6,19975.27,16,0.2656
2024-10-15,Q4,华南,电脑,线上,老客,15883.91,10755.89,1,0.3228
2024-10-15,Q4,华南,电脑,线上,VIP,6475.05,3700.06,1,0.4286
2024-10-15,Q4,华北,穿戴,分销,VIP,21960.29,16376.51,17,0.2543
2024-10-15,Q4,华东,家电,线下,VIP,12821.96,8781.71,7,0.3151
2024-10-16,Q4,华南,家电,线上,老客,31426.1,18422.8,2,0.4138
2024-10-16,Q4,华西,电脑,线上,VIP,25813.01,16771.4,16,0.3503
2024-10-16,Q4,华西,穿戴,线上,新客,9088.5,5660.4,9,0.3772
2024-10-16,Q4,华北,家电,线上,VIP,34234.23,20588.43,18,0.3986
2024-10-16,Q4,华南,穿戴,线上,VIP,37749.41,30369.95,16,0.1955
2024-10-16,Q4,华南,家电,分销,老客,44817.28,26426.47,2,0.4104
2024-10-16,Q4,华北,家电,分销,新客,28186.4,19972.13,16,0.2914
2024-10-16,Q4,华南,家电,分销,老客,8641.11,5665.26,7,0.3444
2024-10-16,Q4,华北,手机,线下,老客,47724.09,28859.82,6,0.3953
2024-10-16,Q4,华南,手机,分销,VIP,26781.83,22652.43,5,0.1542
2024-10-16,Q4,华北,电脑,分销,新客,9973.93,6573.26,1,0.341
2024-10-16,Q4,华北,电脑,分销,老客,33923.84,19725.63,18,0.4185
2024-10-16,Q4,华东,手机,线下,老客,27334.53,19151.46,10,0.2994
2024-10-17,Q4,华东,穿戴,分销,VIP,40137.1,29603.98,7,0.2624
2024-10-17,Q4,华西,电脑,线上,老客,30893.29,22766.62,1,0.2631
2024-10-17,Q4,华北,手机,分销,VIP,19587.95,10886.44,12,0.4442
2024-10-17,Q4,华南,手机,线上,新客,21428.6,12921.15,19,0.397
2024-10-17,Q4,华北,手机,分销,老客,36041.61,24715.42,4,0.3143
2024-10-17,Q4,华西,电脑,线上,老客,22434.27,16729.18,9,0.2543
2024-10-17,Q4,华东,电脑,线上,老客,18095.16,11893.61,3,0.3427
2024-10-17,Q4,华东,家电,线下,新客,27804.92,15914.29,14,0.4276
2024-10-17,Q4,华南,家电,分销,老客,25187.79,16561.98,17,0.3425
2024-10-17,Q4,华东,手机,线上,VIP,12679.56,10202.55,3,0.1954
2024-10-17,Q4,华西,穿戴,线下,VIP,21511.27,12824.91,6,0.4038
2024-10-17,Q4,华南,手机,线下,新客,41855.73,33925.32,12,0.1895
2024-10-18,Q4,华东,电脑,线上,老客,26735.54,16441.71,13,0.385
2024-10-18,Q4,华东,手机,分销,新客,29459.49,24596.94,8,0.1651
2024-10-18,Q4,华北,家电,线上,老客,34715.98,25139.38,17,0.2759
2024-10-18,Q4,华北,手机,线上,VIP,16446.42,13977.59,9,0.1501
2024-10-18,Q4,华东,电脑,线下,老客,16807.68,14063.98,11,0.1632
2024-10-18,Q4,华西,家电,分销,老客,46105.29,28681.07,10,0.3779
2024-10-18,Q4,华北,穿戴,线上,老客,14245.6,9271.75,4,0.3491
2024-10-18,Q4,华西,穿戴,线上,VIP,7246.48,5169.41,8,0.2866
2024-10-18,Q4,华北,手机,线下,新客,14763.35,9092.51,19,0.3841
2024-10-18,Q4,华西,电脑,分销,新客,49727.33,39615.88,6,0.2033
2024-10-19,Q4,华东,手机,线上,老客,20560.51,16630.27,5,0.1912
2024-10-19,Q4,华北,电脑,线上,老客,11609.5,7848.32,8,0.324
2024-10-19,Q4,华东,家电,线上,老客,13341.89,10090.9,13,0.2437
2024-10-19,Q4,华东,电脑,分销,新客,30054.07,20260.32,14,0.3259
2024-10-19,Q4,华东,电脑,线下,老客,44411.39,37253.95,12,0.1612
2024-10-19,Q4,华北,穿戴,分销,新客,28189.83,22452.42,19,0.2035
2024-10-19,Q4,华北,手机,线下,VIP,29490.46,20088.67,19,0.3188
2024-10-19,Q4,华北,手机,线下,老客,32056.27,20342.55,19,0.3654
2024-10-19,Q4,华西,电脑,线上,VIP,25207.46,18057.49,16,0.2836
2024-10-19,Q4,华西,家电,线上,老客,25578.11,19914.12,3,0.2214
2024-10-19,Q4,华西,家电,线上,VIP,43979,33199.73,4,0.2451
2024-10-19,Q4,华东,手机,线上,新客,48940.52,37178.51,2,0.2403
2024-10-19,Q4,华东,穿戴,分销,新客,35637.38,26375.08,7,0.2599
2024-10-19,Q4,华东,电脑,线下,新客,17017.62,10272.57,4,0.3964
2024-10-20,Q4,华东,家电,线上,VIP,42697.24,28332.71,11,0.3364
2024-10-20,Q4,华东,穿戴,分销,老客,41202.95,29553.37,5,0.2827
2024-10-20,Q4,华东,穿戴,线下,VIP,37380.9,28636.01,19,0.2339
2024-10-20,Q4,华东,手机,分销,新客,42532.73,28417.76,3,0.3319
2024-10-20,Q4,华西,家电,线下,老客,5961.64,3300.67,15,0.4463
2024-10-20,Q4,华东,穿戴,线上,VIP,36473.76,27662.05,8,0.2416
2024-10-20,Q4,华西,家电,线上,VIP,39223.21,23700.3,3,0.3958
2024-10-20,Q4,华南,家电,线下,老客,25085.07,16215.05,3,0.3536
2024-10-20,Q4,华东,电脑,线下,新客,49315.07,33829.06,11,0.314
2024-10-21,Q4,华北,手机,分销,老客,27459.48,21554.19,17,0.2151
2024-10-21,Q4,华北,穿戴,线上,新客,21256.42,13999.63,11,0.3414
2024-10-21,Q4,华南,电脑,线上,新客,49262.94,29600.34,1,0.3991
2024-10-21,Q4,华北,手机,线下,VIP,32329.38,17824.72,12,0.4487
2024-10-21,Q4,华西,穿戴,分销,新客,42219.49,30153.09,8,0.2858
2024-10-21,Q4,华西,手机,线上,VIP,20564.44,16136.78,9,0.2153
2024-10-21,Q4,华东,电脑,线下,VIP,39633.02,32569.05,12,0.1782
2024-10-21,Q4,华北,穿戴,分销,老客,22900.35,15019.79,19,0.3441
2024-10-21,Q4,华北,手机,分销,VIP,40039.65,24854.46,8,0.3793
2024-10-21,Q4,华北,电脑,分销,VIP,41661.33,24963.09,14,0.4008
2024-10-22,Q4,华西,家电,线下,老客,31459.87,24577.03,12,0.2188
2024-10-22,Q4,华北,穿戴,分销,新客,49964.74,35060.04,18,0.2983
2024-10-22,Q4,华西,穿戴,线下,新客,25493.02,21189.31,16,0.1688
2024-10-22,Q4,华东,穿戴,线下,老客,5194.26,3293.24,3,0.366
2024-10-22,Q4,华南,手机,分销,VIP,45877.33,38927.97,2,0.1515
2024-10-22,Q4,华北,穿戴,线上,VIP,9090.34,6210.37,2,0.3168
2024-10-22,Q4,华西,手机,分销,新客,46045.78,28219.51,7,0.3871
2024-10-22,Q4,华北,电脑,线下,VIP,39660.44,26753.02,10,0.3254
2024-10-22,Q4,华南,手机,分销,老客,27080.59,18731.55,10,0.3083
2024-10-23,Q4,华西,电脑,线上,老客,43506.38,33095.39,18,0.2393
2024-10-23,Q4,华东,电脑,线上,老客,40279.67,27461.7,14,0.3182
2024-10-23,Q4,华西,电脑,线上,新客,39689.67,29265.27,14,0.2626
2024-10-23,Q4,华东,手机,线上,老客,30826.13,21570.44,15,0.3003
2024-10-23,Q4,华北,手机,分销,VIP,29141.38,16108.31,4,0.4472
2024-10-23,Q4,华东,手机,线下,老客,34715.01,19846.85,17,0.4283
2024-10-23,Q4,华北,电脑,线上,老客,5344.12,2948.11,4,0.4483
2024-10-23,Q4,华南,电脑,线下,VIP,45181.49,27538.64,11,0.3905
2024-10-23,Q4,华东,穿戴,分销,新客,14143.54,8536.48,5,0.3964
2024-10-23,Q4,华北,家电,线下,新客,24351.75,17517.65,11,0.2806
2024-10-23,Q4,华北,家电,分销,新客,29846.63,23804.92,3,0.2024
2024-10-23,Q4,华南,穿戴,分销,老客,27213.67,19686.42,13,0.2766
2024-10-23,Q4,华南,电脑,线上,老客,41487.89,30574.66,1,0.263
2024-10-23,Q4,华北,电脑,线上,老客,31655.47,23484.17,18,0.2581
2024-10-24,Q4,华西,电脑,线下,老客,32880.13,21701.63,16,0.34
2024-10-24,Q4,华南,家电,线下,老客,23193.56,17770.72,2,0.2338
2024-10-24,Q4,华西,穿戴,分销,老客,32450.48,23284.74,7,0.2825
2024-10-24,Q4,华东,家电,线下,VIP,30370.41,25550.81,5,0.1587
2024-10-24,Q4,华南,家电,线下,新客,14057.02,10949.87,3,0.221
2024-10-24,Q4,华南,穿戴,线上,VIP,17249.26,14086.92,11,0.1833
2024-10-24,Q4,华南,电脑,线下,新客,17571.97,10200.5,10,0.4195
2024-10-24,Q4,华东,家电,线上,新客,22283.38,15698.64,10,0.2955
2024-10-24,Q4,华西,手机,线下,新客,22807.51,16520.2,2,0.2757
2024-10-24,Q4,华西,家电,线上,新客,48084.64,40661.29,8,0.1544
2024-10-24,Q4,华西,家电,线下,老客,35131.83,27346.59,11,0.2216
2024-10-24,Q4,华东,手机,分销,新客,44121.14,33939.98,7,0.2308
2024-10-24,Q4,华西,电脑,线上,VIP,16169.17,11814.85,15,0.2693
2024-10-25,Q4,华南,穿戴,分销,新客,27696.22,21396.48,12,0.2275
2024-10-25,Q4,华东,手机,线上,新客,8242.17,5586.75,2,0.3222
2024-10-25,Q4,华南,家电,分销,VIP,46916.25,32538.94,16,0.3064
2024-10-25,Q4,华西,穿戴,线下,VIP,37390.74,20920.21,7,0.4405
2024-10-25,Q4,华北,电脑,分销,老客,33418.57,18400.16,2,0.4494
2024-10-25,Q4,华南,电脑,线下,新客,42368.75,31956.96,18,0.2457
2024-10-25,Q4,华南,穿戴,分销,老客,46082,36613.81,14,0.2055
2024-10-25,Q4,华东,手机,线下,VIP,18808.26,10625.13,15,0.4351
2024-10-25,Q4,华北,电脑,线下,VIP,36955.88,23683.95,5,0.3591
2024-10-25,Q4,华南,家电,分销,老客,24084.3,20376.4,18,0.154
2024-10-25,Q4,华北,电脑,线下,新客,40894.39,33492.21,2,0.181
2024-10-25,Q4,华西,穿戴,线上,VIP,14744.95,10779.78,11,0.2689
2024-10-25,Q4,华东,手机,分销,新客,47851.79,31027.31,12,0.3516
2024-10-25,Q4,华北,穿戴,线下,新客,22008.04,16806.58,2,0.2363
2024-10-26,Q4,华北,手机,线下,VIP,41090.39,25483.99,15,0.3798
2024-10-26,Q4,华西,家电,线下,新客,36739.89,23760.66,11,0.3533
2024-10-26,Q4,华东,穿戴,线下,VIP,34344.99,22463.75,8,0.3459
2024-10-26,Q4,华北,手机,线下,老客,18667.17,10934.59,9,0.4142
2024-10-26,Q4,华北,穿戴,线下,新客,49725.7,34198.33,15,0.3123
2024-10-26,Q4,华西,电脑,线下,VIP,19981,14185.04,5,0.2901
2024-10-26,Q4,华北,穿戴,分销,老客,17855.15,12682.61,13,0.2897
2024-10-26,Q4,华东,家电,分销,新客,37838.94,31615.38,19,0.1645
2024-10-26,Q4,华北,手机,线上,老客,7114.88,4557.1,19,0.3595
2024-10-26,Q4,华南,手机,分销,VIP,43848.03,34948.63,6,0.203
2024-10-27,Q4,华北,穿戴,线上,VIP,9206.18,7490.11,6,0.1864
2024-10-27,Q4,华南,手机,线上,老客,41451.95,29384.42,7,0.2911
2024-10-27,Q4,华南,手机,线上,老客,38953.5,31601.56,6,0.1887
2024-10-27,Q4,华北,电脑,线上,新客,11164.59,7993.83,14,0.284
2024-10-27,Q4,华西,穿戴,线下,VIP,20552.52,16452.39,10,0.1995
2024-10-27,Q4,华西,家电,分销,VIP,10409.43,8229.76,7,0.2094
2024-10-27,Q4,华北,电脑,线下,老客,24977.5,15498.42,7,0.3795
2024-10-27,Q4,华西,电脑,线下,新客,23982.45,15770.84,17,0.3424
2024-10-27,Q4,华南,手机,线下,VIP,19639.64,14186.09,17,0.2777
2024-10-27,Q4,华北,家电,分销,老客,36256.13,28997.76,19,0.2002
2024-10-27,Q4,华东,电脑,分销,老客,8098.62,6778.56,2,0.163
2024-10-27,Q4,华西,家电,分销,VIP,19325.42,12817.65,19,0.3367
2024-10-28,Q4,华北,家电,分销,老客,33566.24,20340.26,13,0.394
2024-10-28,Q4,华东,穿戴,分销,新客,27600.65,15250.94,17,0.4474
2024-10-28,Q4,华南,手机,分销,老客,22477.97,15469.95,2,0.3118
2024-10-28,Q4,华南,电脑,线下,老客,41054.71,32080.13,8,0.2186
2024-10-28,Q4,华西,手机,线上,新客,43511.95,32558.42,11,0.2517
2024-10-28,Q4,华北,家电,线上,新客,27864.84,21542.31,1,0.2269
2024-10-28,Q4,华西,穿戴,分销,老客,8457.72,7032.95,1,0.1685
2024-10-28,Q4,华南,手机,分销,VIP,28648.98,18893.02,9,0.3405
2024-10-28,Q4,华北,家电,线上,VIP,16580.31,10248.53,10,0.3819
2024-10-28,Q4,华南,穿戴,线上,老客,20644.02,13555.23,9,0.3434
2024-10-28,Q4,华东,家电,线上,老客,37269.04,21442.85,14,0.4246
2024-10-29,Q4,华南,穿戴,分销,VIP,22119.27,13028.36,2,0.411
2024-10-29,Q4,华北,手机,线上,新客,6078.19,3388.1,19,0.4426
2024-10-29,Q4,华北,电脑,线下,老客,28561.3,17505.38,1,0.3871
2024-10-29,Q4,华西,穿戴,分销,老客,32381.95,20005.85,10,0.3822
2024-10-29,Q4,华南,电脑,分销,新客,37950.04,27841.37,2,0.2664
2024-10-29,Q4,华北,手机,线下,VIP,21244.29,15545.81,14,0.2682
2024-10-29,Q4,华西,电脑,线上,新客,22961.19,16187.88,8,0.295
2024-10-29,Q4,华西,电脑,线上,老客,27744.61,19784.76,14,0.2869
2024-10-29,Q4,华北,穿戴,线上,VIP,31975.6,23050.22,8,0.2791
2024-10-29,Q4,华西,家电,线上,老客,23568.01,19401.98,1,0.1768
2024-10-29,Q4,华东,穿戴,分销,新客,32171.19,21116.26,19,0.3436
2024-10-29,Q4,华东,家电,线上,新客,36919.74,21763.55,17,0.4105
2024-10-30,Q4,华南,家电,线上,新客,21102.35,17856.36,3,0.1538
2024-10-30,Q4,华东,手机,线下,新客,19292.24,16336.95,16,0.1532
2024-10-30,Q4,华北,穿戴,分销,老客,21659,15714.16,10,0.2745
2024-10-30,Q4,华南,电脑,分销,新客,37116.32,27625.47,7,0.2557
2024-10-30,Q4,华西,家电,线上,老客,27855.7,21304.47,18,0.2352
2024-10-30,Q4,华东,手机,线下,老客,6341.24,3756,9,0.4077
2024-10-30,Q4,华南,家电,线下,新客,49917.2,37901.26,13,0.2407
2024-10-30,Q4,华东,手机,线上,VIP,17886.17,13253.85,2,0.259
2024-10-31,Q4,华东,穿戴,线下,老客,40837.39,27267.48,10,0.3323
2024-10-31,Q4,华东,家电,分销,新客,44618.47,34443.62,16,0.228
2024-10-31,Q4,华南,手机,线下,老客,6691.15,5557.3,14,0.1695
2024-10-31,Q4,华东,手机,分销,VIP,35425.84,25378.72,7,0.2836
2024-10-31,Q4,华北,家电,线上,新客,29845.6,25145.32,16,0.1575
2024-10-31,Q4,华东,穿戴,分销,老客,7289.56,4191.28,9,0.425
2024-10-31,Q4,华西,手机,分销,VIP,45574.2,33057.63,12,0.2746
2024-10-31,Q4,华北,电脑,分销,老客,11406.05,8423.6,19,0.2615
2024-10-31,Q4,华南,穿戴,线下,新客,42697.8,25691.27,4,0.3983
2024-10-31,Q4,华西,家电,线上,新客,39416.81,21719.49,4,0.449
